id,domain,status,purchase_price,renewal_price,attractiveness,demand,length,registrar,created_at,expires_at,status_verified_at
5591be92-4089-4264-bd77-abf5fc949f04,peso.lifestyle,premium,455,650,high,low,4,namecheap,,,24/09/2026 14:37
90d2667f-c669-49a6-aff7-e09204b24f23,newborn.lifestyle,available,1.8,48.98,high,low,7,namecheap,,,03/09/2026 16:41
1a6364c9-f8c1-4d35-9b71-7f6f55677649,phony.lifestyle,premium,91,130,medium,low,5,namecheap,,,08/08/2026 23:09
59329f29-e890-40e0-99fa-53366a0ee419,border.lifestyle,available,5.49,39.99,high,low,6,namesilo,,,23/09/2026 00:10
6748f247-c925-4313-b2c8-a0f6bfbe4df0,steadying.lifestyle,available,1.8,48.98,high,low,9,namecheap,,,10/09/2026 19:39
82ddc588-b610-45f5-bc1f-d02c102e65af,beldam.lifestyle,available,1.8,48.98,medium,low,6,namecheap,,,23/09/2026 04:45
28534415-aad5-493e-985d-1f50c49956f7,bumpy.lifestyle,premium,91,130,medium,low,5,namecheap,,,11/08/2026 09:48
e62b56e6-1b6d-497d-972e-0dd09b33aaa8,outclassed.lifestyle,available,1.8,48.98,medium,low,10,namecheap,,,04/09/2026 19:12
000c3c69-5382-470c-9220-1074f548d6ca,carpus.lifestyle,available,5.49,39.99,medium,low,6,namesilo,,,20/09/2026 11:32
b59d6d0c-d962-4f67-9ea4-372d7307c31c,prisoners.lifestyle,available,1.8,48.98,medium,low,9,namecheap,,,25/09/2026 20:27
b44b7cf1-c55b-4add-aa86-56d45f75a75c,farmers.lifestyle,premium,455,650,high,medium,7,namecheap,,,18/09/2026 07:06
0c7a4e04-fd2e-4786-9941-5995bc2868c3,critter.lifestyle,available,1.8,48.98,high,low,7,namecheap,,,24/09/2026 19:33
f18b67a6-bd1b-4df7-97e3-25734cb9ee74,efficiency.lifestyle,premium,640,640,high,low,10,namesilo,,,24/09/2026 05:23
2416b1b4-9cb3-4579-8686-fea594ef2bcf,anaclitic.lifestyle,available,1.8,48.98,medium,low,9,namecheap,,,
547a7b6b-d6e1-4818-b62c-c8ea928486b2,achievable.lifestyle,available,5.49,39.99,high,low,10,namesilo,,,21/09/2026 15:42
9a264e32-4110-474d-aaa1-86a0def94794,aalto.lifestyle,premium,640,640,high,low,5,namesilo,,,16/09/2026 13:16
4e0fcd66-60db-4f62-99ac-a9ee61bac5ed,youthful.lifestyle,available,1.8,48.98,high,low,8,namecheap,,,13/09/2026 04:18
b4f93d50-6a39-444a-ac40-c925d29101e5,ethnical.lifestyle,available,1.8,48.98,high,low,8,namecheap,,,17/08/2026 13:49
ab89ccc7-94b3-4262-b937-3d9389499f98,titanic.lifestyle,available,1.8,48.98,high,low,7,namecheap,,,11/09/2026 16:30
2bd1be46-c747-4315-bf10-34258b79f281,ratings.lifestyle,available,5.49,39.99,medium,low,7,namesilo,,,19/09/2026 11:52
109f9d9c-1124-4f75-b278-769d07a8c703,gather.lifestyle,premium,455,650,high,medium,6,namecheap,,,23/09/2026 20:27
be73e9fe-3173-4005-8632-730827ee37b5,esther.lifestyle,available,1.8,48.98,high,low,6,namecheap,,,24/09/2026 06:50
8fb25ca9-83be-48be-840b-4eea1fdf58ad,bellhop.lifestyle,available,5.49,39.99,high,low,7,namesilo,,,23/09/2026 06:01
4c8650a8-9d02-4629-a4a2-c31c46f64afa,maven.lifestyle,premium,91,130,high,low,5,namecheap,,,
a45a96d6-44f1-46b5-a460-5e92fe7f47f7,dad.lifestyle,premium,980,1400,high,low,3,namecheap,,,
5fe074db-a0b5-4a36-8bd0-679e66ea3604,excessive.lifestyle,available,1.8,48.98,medium,low,9,namecheap,,,17/08/2026 16:15
b398dc4e-752b-4fc9-908a-e022e9367bf5,fatherly.lifestyle,available,1.8,48.98,high,low,8,namecheap,,,17/08/2026 23:36
064ec514-8ad4-4b89-973b-78fd040ea835,rigour.lifestyle,available,5.49,39.99,high,low,6,namesilo,,,20/09/2026 14:57
51f6e1e2-e3b0-42a4-80f9-7b260bd3207e,vast.lifestyle,premium,312.5,312.5,high,low,4,name.com,,,23/09/2026 09:06
a49bce42-25e0-427e-8e6f-05416121b23b,assign.lifestyle,available,5.49,39.99,high,low,6,namesilo,,,21/09/2026 02:19
75b019e9-4bc3-48e8-8280-5f74ecca9c89,aimless.lifestyle,available,1.8,48.98,medium,low,7,namecheap,,,
f4f4adfe-6361-450c-987c-91ac69c2ba56,mesonic.lifestyle,available,1.8,48.98,medium,low,7,namecheap,,,24/08/2026 21:09
3a42a1a7-1e4d-4ebf-b193-47e2fd1d9f9c,dividable.lifestyle,available,1.8,48.98,medium,low,9,namecheap,,,14/08/2026 13:41
76bfef64-1d09-4f1d-8b31-4f72c5ba6e36,redemptive.lifestyle,available,1.8,48.98,high,medium,10,namecheap,,,09/09/2026 12:19
352d95c5-0f72-4bb3-93c9-67125913b4f2,omnibus.lifestyle,available,1.8,48.98,high,low,7,namecheap,,,04/09/2026 02:30
64ed1ffe-443b-43c3-9470-d4999b20ee17,lenten.lifestyle,available,1.8,48.98,medium,low,6,namecheap,,,22/08/2026 23:48
b930da4f-6ada-43b4-8a98-3e0029aaf0ac,obscene.lifestyle,available,1.8,48.98,high,low,7,namecheap,,,
7d058e9d-d697-460a-a834-ff670e09acc6,publication.lifestyle,available,5.49,39.99,high,low,11,namesilo,,,
767944cd-702a-45cb-94d6-c688ebd1e7f6,ccc.lifestyle,premium,227.5,325,high,medium,3,namecheap,,,
3c9677af-da7e-4829-acb6-3a78d3b7c62a,slit.lifestyle,premium,227.5,325,high,medium,4,namecheap,,,09/09/2026 06:39
30031a3b-1ba7-4813-bd0b-4b13664990c8,personally.lifestyle,available,39.99,,high,low,10,name.com,,,
6920d561-c1e5-4e56-91dd-ad6e3951a5db,squabble.lifestyle,available,1.8,48.98,high,low,8,namecheap,,,23/09/2026 13:15
91ec6405-7a72-4990-9260-083cbe54c3f1,googler.lifestyle,available,39.99,,high,low,7,name.com,,,
7c7978d0-070d-4b10-88d8-1d2b8a95d58f,chimpanzee.lifestyle,available,5.49,39.99,high,low,10,namesilo,,,24/09/2026 14:39
9c06770d-69af-4a28-b4a0-0625bbeec2bc,plays.lifestyle,premium,116,116,medium,low,5,namesilo,,,18/09/2026 05:50
a3f6e8ba-ffcf-48c8-aaa3-2b2cb2fd4621,hoar.lifestyle,premium,227.5,325,medium,low,4,namecheap,,,20/08/2026 19:18
f66c1a22-6630-4625-807a-34fbf19e32e1,guile.lifestyle,premium,91,130,medium,low,5,namecheap,,,13/08/2026 10:41
6f2a59be-cf95-481d-8919-37a897285f72,townsend.lifestyle,available,5.49,39.99,high,low,8,namesilo,,,25/09/2026 06:09
fc79e6c4-e06c-48e0-932d-f203f4c6ef7b,adjuvant.lifestyle,available,1.8,48.98,high,low,8,namecheap,,,
addf1878-56ef-4521-b48c-54373a211e1d,mediatory.lifestyle,available,1.8,48.98,medium,low,9,namecheap,,,24/08/2026 18:55
817afca7-3618-4b04-b28f-9c7ceaf98839,grilled.lifestyle,premium,1820,2600,high,low,7,namecheap,,,08/08/2026 16:31
dfcf4456-b1e1-4699-a7b0-4e389efc4630,learned.lifestyle,available,1.8,48.98,high,low,7,namecheap,,,23/09/2026 19:31
2bc4fe43-2d0d-493e-bc94-cb291f11e289,storyboards.lifestyle,available,5.49,39.99,medium,low,11,namesilo,,,20/09/2026 14:39
3998b5ba-b283-4f8f-9c49-183fecc57945,underside.lifestyle,available,1.8,48.98,high,low,9,namecheap,,,10/08/2026 21:15
3c472920-4d25-4fe6-aa33-c33126f1a9ec,throughout.lifestyle,available,1.8,48.98,high,low,10,namecheap,,,17/08/2026 00:49
02514560-bd1c-47d3-967a-6d2ef84af68b,pilar.lifestyle,available,1.8,48.98,high,medium,5,namecheap,,,08/09/2026 19:37
3da66314-ea1e-4f82-a324-873dae10b036,stephen.lifestyle,available,5.49,39.99,high,low,7,namesilo,,,25/09/2026 10:43
f1f4c4ed-9388-47a0-b9ac-ff4e980e4c09,vector.lifestyle,premium,490,700,high,low,6,namecheap,,,
454959d1-dad1-468a-b6e8-45d3aa19468f,fabrication.lifestyle,available,1.8,48.98,high,low,11,namecheap,,,25/09/2026 19:26
74645bd0-a258-4628-a9f9-91b25535a895,dappled.lifestyle,available,39.99,59.99,medium,low,7,name.com,,,13/08/2026 17:39
a53f1063-f57c-4b0e-b9e6-531522727247,necessarily.lifestyle,available,5.49,39.99,high,low,11,namesilo,,,
0440cc90-8945-4109-a92e-2d3d402bf81a,granola.lifestyle,available,39.99,,high,low,7,name.com,,,
7fb8513a-e729-4525-a677-f727a31be911,playdate.lifestyle,available,5.49,39.99,high,low,9,namesilo,,,
64121eda-5340-481a-afc5-6ee714b5800d,lodged.lifestyle,available,5.49,39.99,medium,low,6,namesilo,,,18/09/2026 14:44
b4aab3c7-a810-4462-9ad5-84787d7322b1,drinks.lifestyle,available,5.49,39.99,high,low,6,namesilo,,,25/09/2026 17:32
720f738a-a426-416d-9594-075225679ee6,verbalise.lifestyle,available,1.8,48.98,medium,low,9,namecheap,,,13/09/2026 00:16
734dc665-96d9-4d27-80bc-7ddca1ae7ba0,garb.lifestyle,premium,227.5,325,high,low,4,namecheap,,,19/09/2026 19:56
b1f7e9d7-5483-4fc5-a8ad-6bac7fd2494b,dorian.lifestyle,available,1.8,48.98,high,low,6,namecheap,,,14/08/2026 16:11
d8b6a9c6-1db0-4826-8a02-8de56349feb6,hbo.lifestyle,premium,490,700,high,medium,3,namecheap,,,
c28befe7-73ed-40b7-a0ec-e24037aa53d7,isentropic.lifestyle,available,1.8,48.98,medium,low,10,namecheap,,,22/08/2026 10:44
34513a6e-9a59-403f-ab09-69a39756af66,exceed.lifestyle,premium,455,650,high,low,6,namecheap,,,11/09/2026 17:21
33de1ffe-f279-41c6-a49c-573ca62c459f,therefore.lifestyle,available,39.99,,high,low,9,name.com,,,
223981c3-4744-411a-a566-ccdbc356f3fe,peaty.lifestyle,premium,91,130,medium,low,5,namecheap,,,08/09/2026 11:28
354daaa4-f85d-4d5b-a2a8-a987472eaa08,beryl.lifestyle,available,5.49,39.99,medium,low,5,namesilo,,,23/09/2026 10:23
edbcfe51-7a0c-4b78-94d0-92f99d82c836,resident.lifestyle,available,1.8,48.98,high,low,8,namecheap,,,03/09/2026 19:51
c678b566-dfc7-4512-b29a-5011fee44c22,laid.lifestyle,premium,302.5,302.5,high,low,4,namesilo,,,25/09/2026 13:04
a4aacfab-4a47-4a27-937c-2c182972e153,suite.lifestyle,premium,116,116,high,low,5,namesilo,,,26/09/2026 00:45
68563d06-9220-4052-8a7e-8562c0da5729,jillion.lifestyle,available,1.8,48.98,medium,low,7,namecheap,,,11/09/2026 19:52
0bfddf2a-e06d-4a36-acbb-9a1893c4b372,agential.lifestyle,available,1.8,48.98,medium,low,8,namecheap,,,
40acdc48-dea3-4834-a448-7c640f4dce27,lunch.lifestyle,premium,980,1400,high,low,5,namecheap,,,
1aef7bf7-a6ce-4b8c-aabb-cad1fc2566ce,holla.lifestyle,premium,116,116,high,low,5,namesilo,,,23/09/2026 06:19
65efe090-59b6-4efa-865f-2f6da63f3fd7,riming.lifestyle,available,1.8,48.98,medium,low,6,namecheap,,,09/09/2026 16:55
57824cce-228b-4a2b-a768-10e2edd5f881,footing.lifestyle,available,5.49,39.99,high,low,7,namesilo,,,22/09/2026 11:02
4472b62d-01b3-4a25-8f91-b07b25262de0,regarded.lifestyle,available,5.49,39.99,high,low,8,namesilo,,,
8cfeb366-bf08-4533-a4c4-2b082f63bcc6,arguer.lifestyle,available,5.49,39.99,medium,low,6,namesilo,,,20/09/2026 04:46
870be49f-7ba8-4d4b-82f6-f892a926a0ce,hides.lifestyle,premium,91,130,medium,low,5,namecheap,,,18/09/2026 23:59
1dea7681-d09a-45cb-b910-0bbfa475a80a,midway.lifestyle,available,1.8,48.98,high,low,6,namecheap,,,11/08/2026 23:58
81c591cb-15da-4651-ac4f-83d3426f5051,centralised.lifestyle,available,5.49,39.99,high,low,11,namesilo,,,
7b99d3ca-f622-446c-b223-4ae43663097c,westbound.lifestyle,premium,455,650,high,low,9,namecheap,,,13/09/2026 10:51
2e20dc22-1146-4b4d-9f13-930ac41e783b,hiding.lifestyle,available,1.8,48.98,high,low,6,namecheap,,,08/09/2026 11:45
410a6832-75b2-43dc-9610-160e7e74dc71,scriptural.lifestyle,available,1.8,48.98,medium,low,10,namecheap,,,09/08/2026 18:55
af1cd29c-9549-4cd0-aabd-8168143feb96,checkpoint.lifestyle,available,5.49,39.99,high,low,10,namesilo,,,24/09/2026 14:03
4b16b4cd-92d2-4631-95e5-b62c2cb67030,veal.lifestyle,premium,1960,2800,medium,low,4,namecheap,,,
5af047c9-c510-4fb7-936e-f86a909c2266,slovenly.lifestyle,available,1.8,48.98,medium,low,8,namecheap,,,18/08/2026 16:55
05465db1-7af6-439e-a476-7e3f691c98ea,knee.lifestyle,premium,302.5,302.5,high,low,4,namesilo,,,20/09/2026 11:27
3a1cb9e2-e66c-4ef2-b6cf-9b00f8627b86,stumps.lifestyle,available,5.49,39.99,high,low,6,namesilo,,,
c15acaf2-4e71-486e-823b-9c423151c358,extendable.lifestyle,available,1.8,48.98,medium,low,10,namecheap,,,17/08/2026 18:59
940d3583-61a8-40fd-817d-899601a2023b,bookshop.lifestyle,available,5.49,39.99,high,low,8,namesilo,,,24/09/2026 07:16
f90fe359-b87a-4936-9214-c485fbd25b03,primal.lifestyle,available,1.8,48.98,high,low,6,namecheap,,,11/08/2026 18:56
0814a9d7-dfda-4462-80ce-d66632ecc398,scrupulous.lifestyle,available,1.8,48.98,high,low,10,namecheap,,,12/08/2026 22:22
12b637a9-3629-4be2-b7d1-88d494f86b2f,saurian.lifestyle,available,1.8,48.98,medium,low,7,namecheap,,,22/08/2026 17:55
a540fc87-2832-484e-bfb7-101d8e0a6afa,gracile.lifestyle,available,1.8,48.98,high,low,7,namecheap,,,20/08/2026 17:29
2be4a292-2f08-4acb-81e5-c044a4cffe5b,agouti.lifestyle,available,1.8,48.98,medium,low,6,namecheap,,,17/09/2026 19:07
76bc5bf3-15c0-4a77-afc1-329562cc5712,hoodlum.lifestyle,available,1.8,48.98,high,medium,7,namecheap,,,09/09/2026 06:04
767b7bf8-8566-41b4-937d-9cd7b1a59c62,impractical.lifestyle,available,5.49,39.99,medium,low,11,namesilo,,,
eee604ab-ea78-4592-9645-ec5aa8ca4436,aplite.lifestyle,available,1.8,48.98,medium,low,6,namecheap,,,19/09/2026 17:42
143f2e61-a2ff-4b18-8784-5fb16e850544,flatfoot.lifestyle,available,1.8,48.98,medium,low,8,namecheap,,,10/09/2026 16:10
278a694b-e8b4-42a9-8ce4-b88851319c06,obscurity.lifestyle,available,1.8,48.98,high,low,9,namecheap,,,16/09/2026 18:33
9d962217-0042-4a75-95a9-6fa2fe93f6ae,bedford.lifestyle,premium,116,116,high,low,7,namesilo,,,25/09/2026 14:52
7bad354d-11b7-41ad-8b84-7556dea1e2b0,redbrush.lifestyle,available,5.49,39.99,medium,low,8,namesilo,,,18/09/2026 19:44
adff5500-46a8-4eb3-8302-76f3b4c7d9d5,overmuch.lifestyle,available,1.8,48.98,medium,low,8,namecheap,,,04/09/2026 21:13
65138e2a-6130-4c58-9b03-26839a614ce5,demented.lifestyle,available,1.8,48.98,medium,low,8,namecheap,,,11/08/2026 01:46
41de717e-1a0a-49a4-b0d8-c4f8f1741bf2,neotenous.lifestyle,available,1.8,48.98,medium,low,9,namecheap,,,03/09/2026 15:33
06abe47b-34e2-46e4-82a2-b558f3d48b56,kinda.lifestyle,available,39.99,,high,low,5,name.com,,,
7742aa4b-2109-41e7-a098-daca4bde0170,goddamn.lifestyle,available,1.8,48.98,medium,low,7,namecheap,,,10/08/2026 12:46
3ab7329b-786a-4b40-a570-7bb51a347197,clastic.lifestyle,available,1.8,48.98,high,low,7,namecheap,,,12/08/2026 09:56
95633528-4a89-404d-826d-d04f01343e62,loves.lifestyle,premium,91,130,high,low,5,namecheap,,,25/09/2026 18:55
f4559757-28e0-4f3d-b244-3f923544e2cf,firmament.lifestyle,available,1.8,48.98,high,low,9,namecheap,,,16/08/2026 20:58
e8d9b5bf-ea7a-44bb-8f52-2edf43b15897,desire.lifestyle,available,1.8,48.98,high,low,6,namecheap,,,19/09/2026 18:10
7c8c1473-f5f1-4e7c-9b8f-af3199ad88f5,plattensee.lifestyle,available,1.8,48.98,medium,low,10,namecheap,,,21/09/2026 21:22
c59308ee-f7fb-4b5b-8b85-54f3b7040cc8,frightened.lifestyle,available,1.8,48.98,medium,low,10,namecheap,,,18/08/2026 15:37
423d24a7-a76b-4516-98f8-17166e446d1c,wedged.lifestyle,available,1.8,48.98,medium,low,6,namecheap,,,21/08/2026 21:38
b704b610-8a3b-48ca-9541-61ac3bef0af4,rumor.lifestyle,premium,91,130,high,low,5,namecheap,,,21/08/2026 02:05
4a37486e-8a75-466b-bf9b-02d0c71277ae,cimmerian.lifestyle,available,1.8,48.98,medium,low,9,namecheap,,,12/08/2026 08:11
6461dc7f-0860-476e-9be7-4f6993d10586,febrile.lifestyle,available,1.8,48.98,medium,low,7,namecheap,,,18/08/2026 00:27
5bb9a644-4f62-4c6d-b1fe-7213ba98e030,madrono.lifestyle,available,5.49,39.99,medium,low,7,namesilo,,,20/09/2026 01:04
5bd4795b-3c68-4f42-b1f5-2efd6f765308,rely.lifestyle,premium,245,350,high,low,4,namecheap,,,
89a6c1d8-293d-46f6-accc-c5f59f0d0d87,hume.lifestyle,premium,302.5,302.5,high,low,4,namesilo,,,25/09/2026 04:46
036296db-2e22-4b4e-90a7-7d78f6173c64,amusive.lifestyle,available,1.8,48.98,high,low,7,namecheap,,,
95a73275-89d5-4f13-aac3-3aec068eea52,cultivated.lifestyle,available,1.8,48.98,high,low,10,namecheap,,,13/08/2026 10:14
14c2e70b-c786-4b2c-bbfa-d3e298ee0161,exhale.lifestyle,available,5.49,39.99,high,low,6,namesilo,,,
b9ee085e-791b-4184-9044-13898d1e05b7,xxxvii.lifestyle,available,1.8,48.98,medium,low,6,namecheap,,,
fb9a59ae-f0a9-4064-bc4f-73dcf0612449,toklas.lifestyle,available,5.49,39.99,high,low,6,namesilo,,,18/09/2026 07:28
bf492e74-0da1-4ae3-826c-7482685f3abf,wink.lifestyle,premium,302.5,302.5,high,low,4,namesilo,,,22/09/2026 22:05
78aa40da-cce0-454d-a09c-f39316870fcc,choosey.lifestyle,available,1.8,48.98,medium,low,7,namecheap,,,12/08/2026 06:55
851bc40c-e497-415c-9734-e705c06bb75b,shoebill.lifestyle,available,1.8,48.98,medium,low,8,namecheap,,,21/09/2026 20:35
12200d03-8eaf-43da-adb5-4daf105ed1e0,larboard.lifestyle,available,1.8,48.98,medium,low,8,namecheap,,,22/08/2026 19:51
47c8012d-69bf-411a-af36-afe8b79cfd04,doctoral.lifestyle,available,1.8,48.98,high,low,8,namecheap,,,14/08/2026 14:19
3ee6ed6a-1c99-4cf0-a15f-261d895fb928,boiled.lifestyle,available,1.8,48.98,high,low,6,namecheap,,,10/08/2026 17:32
9c5575a6-4636-4cd7-a4d7-85f3d18b5c4e,autobahn.lifestyle,available,5.49,39.99,high,low,8,namesilo,,,21/09/2026 05:50
fd5e5b03-0e64-443d-bcd7-f7b467cdd38c,banner.lifestyle,available,1.8,48.98,high,low,6,namecheap,,,08/08/2026 13:53
067bb8cf-6efc-46f3-9974-08dcc24ce19e,scarred.lifestyle,available,5.49,39.99,medium,low,7,namesilo,,,25/09/2026 17:02
e67cc1f7-1c3e-4fc5-800e-e11659d39165,fumed.lifestyle,premium,91,130,medium,low,5,namecheap,,,18/08/2026 18:20
e845b58a-3ba8-463f-b98b-ea072ae6b593,coolly.lifestyle,available,5.49,39.99,medium,low,6,namesilo,,,
399829dc-dbcb-4c63-83ce-8e39374472bb,uneducated.lifestyle,available,1.8,48.98,medium,low,10,namecheap,,,12/09/2026 08:53
0e7b2e8d-05dc-43fc-8d05-72a0c4beac87,equine.lifestyle,available,1.8,48.98,high,low,6,namecheap,,,17/08/2026 11:45
c733921f-94cd-4dc2-baa1-138b3c8fc2d0,cohesive.lifestyle,available,1.8,48.98,high,low,8,namecheap,,,12/08/2026 16:05
5058fcf2-6f04-468a-b725-4b49adb0a212,sheraton.lifestyle,available,,,high,high,8,,,,
35776549-bad8-4acc-a49a-f0584244000d,asthmatic.lifestyle,available,5.49,39.99,medium,low,9,namesilo,,,22/09/2026 10:23
2e357226-a1a6-4626-8c73-ae7641a026ef,sapphire.lifestyle,premium,640,640,high,medium,8,namesilo,,,22/09/2026 15:38
7c2c2fb0-b076-475f-84eb-2697e0239b16,improver.lifestyle,available,1.8,48.98,high,low,8,namecheap,,,21/08/2026 14:58
9d0ff808-74cb-49ff-9e04-ddd815171e9b,waxed.lifestyle,premium,91,130,high,low,5,namecheap,,,13/09/2026 08:40
06671c9f-67ef-4a01-ba47-a6f232940a79,games.lifestyle,premium,2660,2660,high,medium,5,namesilo,,,25/09/2026 16:24
632dd75d-f3ec-4084-8ec3-9665de803da7,winfred.lifestyle,available,1.8,48.98,medium,low,7,namecheap,,,19/09/2026 19:23
0a8910e3-4cf9-4c60-8ba4-7348cceaea61,primadonna.lifestyle,available,5.49,39.99,medium,low,11,namesilo,,,
e71ab682-323e-4a1f-8b91-c2e7a43070d1,lyrical.lifestyle,available,1.8,48.98,high,low,7,namecheap,,,24/08/2026 12:41
f1f23e86-bed5-42d1-bf92-35870465ba03,sandals.lifestyle,available,1.8,48.98,high,low,7,namecheap,,,20/09/2026 14:52
d640587e-7b7e-41b3-99aa-cb679855c828,swaggie.lifestyle,available,1.8,48.98,medium,low,7,namecheap,,,11/09/2026 05:03
ba1152cc-b515-46ae-89ad-229b12d8dc87,lab.lifestyle,premium,1107,1107,high,medium,3,namesilo,,,25/09/2026 05:34
654e1720-8da1-41ca-8864-d44c4ae10ddb,seamy.lifestyle,premium,91,130,medium,low,5,namecheap,,,10/09/2026 00:49
7e0ac71c-d40e-4617-a276-4441f861717f,deuce.lifestyle,premium,116,116,high,low,5,namesilo,,,21/09/2026 12:17
dacf00e3-45d0-49a2-af7f-33c41a4064fd,westward.lifestyle,premium,455,650,high,low,8,namecheap,,,13/09/2026 10:55
8917c5c0-6b9d-4a6e-981f-e6d7c5b5231c,beloved.lifestyle,available,1.8,48.98,high,low,7,namecheap,,,09/08/2026 13:47
e329a07b-141d-4be5-9fbf-f2998006470d,shifty.lifestyle,available,1.8,48.98,high,medium,6,namecheap,,,10/09/2026 06:29
6b8850af-77ac-404d-b122-a2f9dbbfd6ae,anthurium.lifestyle,available,5.49,39.99,high,low,9,namesilo,,,19/09/2026 13:58
7887a7ed-d640-443c-a893-9b95a9df2b06,sloth.lifestyle,premium,98,140,high,low,5,namecheap,,,
21a0265e-7620-4c6f-a70f-15bc3d06f5e6,becloud.lifestyle,available,1.8,48.98,medium,low,7,namecheap,,,03/09/2026 23:53
3ba82ca5-43f9-4acc-b4f9-404812ac151d,crouch.lifestyle,available,1.8,48.98,medium,low,6,namecheap,,,10/09/2026 17:37
102a82e6-9939-4400-ad83-094448faf69b,arbitrarily.lifestyle,available,39.99,,medium,low,11,name.com,,,
c6d36520-0abc-4399-9644-6dfd2a2806d3,grecian.lifestyle,available,1.8,48.98,high,low,7,namecheap,,,20/08/2026 19:44
c3e4481f-6673-4791-a5e7-bb70d8059e79,hexed.lifestyle,premium,91,130,medium,low,5,namecheap,,,21/08/2026 07:51
fb0c432e-2d72-4487-b462-9ebbe8a261eb,thoughtless.lifestyle,available,5.49,39.99,medium,low,11,namesilo,,,
00e64b99-83ee-4ec5-8b0b-27ced2d144c2,nil.lifestyle,premium,910,1300,high,low,3,namecheap,,,03/09/2026 22:28
3d52e7b7-9844-4117-a390-da775b95e4a5,analgesic.lifestyle,available,1.8,48.98,high,low,9,namecheap,,,
8edab409-7bc9-4dc9-84d2-6834c8bdc765,qualifying.lifestyle,available,1.8,48.98,high,low,10,namecheap,,,23/08/2026 12:37
288f557d-72b2-4845-b1c9-c925e19dbbc1,convolve.lifestyle,available,1.8,48.98,medium,low,8,namecheap,,,13/08/2026 00:01
8b172efb-0608-400a-9831-79cae9f7f401,fanned.lifestyle,available,1.8,48.98,medium,low,6,namecheap,,,17/08/2026 22:09
1569ac39-5982-4f4f-9a6a-5a0d82193b52,gemmed.lifestyle,available,1.8,48.98,high,low,6,namecheap,,,18/08/2026 21:08
628db251-ae7a-43a0-a125-82713e589821,sweetish.lifestyle,available,1.8,48.98,high,low,8,namecheap,,,11/09/2026 05:36
6b96d6f1-237a-4a52-9b83-017b4252a7b1,crunch.lifestyle,premium,455,650,high,low,6,namecheap,,,24/09/2026 19:53
7507cba7-ab2b-45f1-a805-f97da2a22db1,cherub.lifestyle,available,5.49,39.99,high,low,6,namesilo,,,24/09/2026 14:18
4a5922f8-d351-4eca-90c5-2f8f8b16529f,dancing.lifestyle,available,5.49,39.99,high,low,7,namesilo,,,25/09/2026 04:44
f906a9ea-1a13-4db2-8a8d-a9345ec94afd,unimportant.lifestyle,available,5.49,39.99,medium,low,11,namesilo,,,
12544354-3657-46ff-9262-9a4ebee59640,ceric.lifestyle,premium,91,130,medium,low,5,namecheap,,,12/08/2026 00:39
811289bc-4490-4085-8ef2-a24a82b4a8c9,aunt.lifestyle,premium,245,350,high,low,4,namecheap,,,
99b42feb-b3fc-4763-8cab-d8ab441f3751,whatnot.lifestyle,available,5.49,39.99,high,low,8,namesilo,,,
2a6bbc5c-956c-4751-990e-b0470ed077a0,mitotic.lifestyle,available,1.8,48.98,medium,low,7,namecheap,,,25/08/2026 02:08
c29edb61-55fb-4e6b-a185-81e753158e2d,trigon.lifestyle,available,1.8,48.98,high,low,6,namecheap,,,11/09/2026 19:46
e9415247-da15-4062-8d17-89a04da8a22d,there.lifestyle,premium,98,140,high,low,5,namecheap,,,
588585d1-4617-457e-8599-13ab1ab93793,talking.lifestyle,available,5.49,39.99,high,low,7,namesilo,,,25/09/2026 10:48
bb8b49fa-a6ee-42f8-b866-9e15cac2a5f1,anglesey.lifestyle,available,1.8,48.98,high,low,8,namecheap,,,19/09/2026 06:27
b1197c0c-25e8-4dfe-86f2-60bdd51f437d,rudderless.lifestyle,available,1.8,48.98,medium,low,10,namecheap,,,
1b68c58b-32b8-4da7-bf79-b3d8a0f192a7,blameless.lifestyle,available,1.8,48.98,high,low,9,namecheap,,,10/08/2026 12:53
f39a9703-21aa-46e3-aa08-7911a965fc0a,dig.lifestyle,premium,640,640,high,low,3,namesilo,,,24/09/2026 23:51
b299c239-eacb-47d2-8f67-9baf61f9e477,inhale.lifestyle,premium,490,700,high,low,6,namecheap,,,
a229f808-34d8-4f5c-a378-8af3b8cfa241,nattily.lifestyle,available,1.8,48.98,high,low,7,namecheap,,,15/09/2026 16:12
9ffc978e-8481-4363-8bcb-22d35e19a5b3,debauch.lifestyle,premium,455,650,medium,low,7,namecheap,,,13/08/2026 02:20
3b520f22-2641-4826-846b-0691cd4c1382,poison.lifestyle,available,1.8,48.98,high,low,6,namecheap,,,11/09/2026 18:25
2ca494bf-f513-45e1-ae6b-087c852047fc,greasy.lifestyle,available,1.8,48.98,high,low,6,namecheap,,,20/08/2026 19:35
266c444c-4516-4a78-b238-33b3985ed9af,climb.lifestyle,premium,116,116,high,low,5,namesilo,,,16/09/2026 22:41
8d757f1c-3b5f-4802-9355-e8462ecf8764,emir.lifestyle,premium,227.5,325,high,low,4,namecheap,,,18/09/2026 17:55
e29340b4-de8e-4641-8d1b-5cfd3669a3fe,sheetlike.lifestyle,available,1.8,48.98,high,medium,9,namecheap,,,10/09/2026 06:21
9817a263-6738-46f5-9252-1dcb7c4efae6,beheading.lifestyle,available,5.49,39.99,medium,low,9,namesilo,,,23/09/2026 03:20
c5892a18-360b-4ec0-b24e-947623fc6139,pyrrhic.lifestyle,available,1.8,48.98,medium,low,7,namecheap,,,09/09/2026 07:12
19b3d862-4e52-4957-9761-c461e5649b7d,prosecution.lifestyle,available,39.99,,high,low,11,name.com,,,
f8f9324f-ccb2-46d3-8599-8c4823dd7dc2,arctiid.lifestyle,available,5.49,39.99,medium,low,7,namesilo,,,20/09/2026 02:47
eb5458f4-3f55-47eb-8d61-00ca81b74936,diploma.lifestyle,available,5.49,39.99,high,low,7,namesilo,,,
0dc808fe-724b-4854-ab49-076e7e591257,gates.lifestyle,premium,490,700,high,low,5,namecheap,,,
ed8a7ee3-72c5-4683-82af-caed45de81f6,unofficial.lifestyle,available,1.8,48.98,medium,low,10,namecheap,,,12/09/2026 16:10
5a174aed-560a-475f-bc17-462d822c1631,hate.lifestyle,premium,245,350,high,low,4,namecheap,,,
d1de6051-2974-448b-b78b-106bec6cd24c,florentine.lifestyle,available,1.8,48.98,high,low,10,namecheap,,,18/08/2026 08:58
04aab39e-2578-49f4-9451-0d285db5e1f3,mbd.lifestyle,premium,1107,1107,medium,low,3,namesilo,,,17/09/2026 06:35
efa14835-e59c-40bd-9997-85f1291234d3,arsenal.lifestyle,premium,640,640,high,low,7,namesilo,,,20/09/2026 09:36
74ec036d-57be-4648-b189-c134f0e67dab,cocks.lifestyle,premium,116,116,medium,low,5,namesilo,,,18/09/2026 23:39
88e7b948-ee6d-4d72-91d4-d69f0d4f81ce,lateral.lifestyle,available,1.8,48.98,high,low,7,namecheap,,,22/08/2026 20:34
5978b476-036f-48fb-b079-5fb0d2cf064f,travellers.lifestyle,available,5.49,39.99,high,low,10,namesilo,,,17/09/2026 22:15
402c3cb0-b67c-4684-8314-4218a3b4ec8c,producer.lifestyle,available,5.49,39.99,high,low,8,namesilo,,,25/09/2026 10:38
84fc1f2f-c04d-4cf3-a5b5-7ad64c41e4d4,fulsome.lifestyle,available,1.8,48.98,medium,low,7,namecheap,,,11/08/2026 11:40
149603ee-e026-4e5e-8dcd-7bc3fe973408,uncoiled.lifestyle,available,1.8,48.98,medium,low,8,namecheap,,,12/09/2026 05:44
87a9a02e-c51c-4402-ba0c-d7ad840ec376,framed.lifestyle,available,1.8,48.98,high,low,6,namecheap,,,18/08/2026 14:04
2bd025ec-1996-4fcf-934f-8723ebcece1e,pass.lifestyle,premium,245,350,high,low,4,namecheap,,,
1f28ebf4-2e2e-4323-b2b0-3353b402e233,incertain.lifestyle,available,1.8,48.98,medium,low,9,namecheap,,,22/08/2026 01:10
3ffc504e-ae3e-474a-b447-6c43e2fba127,paean.lifestyle,premium,91,130,high,low,5,namecheap,,,05/09/2026 00:45
1994ee09-acda-4004-b887-0141bc550a88,arioso.lifestyle,available,5.49,39.99,high,low,6,namesilo,,,20/09/2026 05:35
429b1df8-5598-47bb-8c4c-1cf507d5e14a,lauren.lifestyle,premium,640,640,high,high,6,namesilo,,,25/09/2026 17:14
f8f04a55-eb68-438c-bc29-f458a6bb2e82,pullover.lifestyle,available,1.8,48.98,high,low,9,namecheap,,,16/09/2026 17:17
8bdb848f-1a92-4e9c-971e-b21747260238,loony.lifestyle,premium,91,130,high,low,5,namecheap,,,06/08/2026 21:17
b72d6fd8-efee-4d85-a041-dd02a19be90f,weak.lifestyle,premium,302.5,302.5,high,low,4,namesilo,,,24/09/2026 04:57
9a5e4e21-8109-4486-87ec-0a8313a97859,toffy.lifestyle,premium,91,130,high,low,5,namecheap,,,11/08/2026 04:55
156532b2-f944-4dd0-921a-d7ae9a5235e4,initial.lifestyle,available,5.49,39.99,high,low,7,namesilo,,,25/09/2026 09:36
70ac6584-290c-4cbb-b698-cf11b68be116,downer.lifestyle,available,1.8,48.98,medium,low,6,namecheap,,,14/08/2026 02:41
e32448c7-10a0-46a0-b8bf-8fc2836f514d,territory.lifestyle,premium,490,700,high,low,9,namecheap,,,
a941a637-4059-41fe-90e7-968a02cb1a4f,human.lifestyle,premium,640,640,high,medium,5,namesilo,,,25/09/2026 06:15
2cf4fe3e-a389-469b-8bc2-2e2d2b4ff2d0,drugs.lifestyle,premium,910,1300,medium,low,5,namecheap,,,25/09/2026 16:42
884d33e4-32f8-4b4e-aedb-bd8f219c5bae,alice.lifestyle,premium,910,1300,high,medium,5,namecheap,,,25/09/2026 13:23
37c16095-2c11-46c2-a4d8-ba4eef78b604,multiplex.lifestyle,available,1.8,48.98,high,low,9,namecheap,,,24/08/2026 15:08
b8cef381-ad45-411a-b56c-6ac6339dac21,baneful.lifestyle,available,1.8,48.98,low,low,7,namecheap,,,08/08/2026 09:44
255a6e79-0b9c-44bf-9266-4942885e561d,partners.lifestyle,premium,980,1400,high,low,8,namecheap,,,
9b89ac8a-d626-43a5-87fa-a238a9ffb7f7,fault.lifestyle,premium,91,130,high,low,5,namecheap,,,10/08/2026 12:51
7f38b15c-0b6e-4ba7-9bdd-5c58d5e250f4,blank.lifestyle,premium,640,640,high,medium,5,namesilo,,,22/09/2026 21:48
40a264ca-3a36-4ba7-af76-93c66b328e65,uniformed.lifestyle,available,1.8,48.98,high,low,9,namecheap,,,12/09/2026 12:57
3bfeb8e3-98c5-49e6-ab4f-d682603f5b9d,attitude.lifestyle,available,5.49,39.99,high,low,8,namesilo,,,
5a358922-c25f-442f-892c-f88dcf43e247,selenium.lifestyle,premium,640,640,high,low,8,namesilo,,,20/09/2026 22:53
8f7b2f7f-e8dc-497a-b4ab-20b42153ae52,basketry.lifestyle,available,5.49,39.99,medium,low,8,namesilo,,,22/09/2026 11:28
95bfc982-cfac-417c-a0b3-cbf21f681147,caldwell.lifestyle,available,5.49,39.99,high,low,8,namesilo,,,25/09/2026 03:55
218c3833-ac8b-487c-af18-f3bb27067655,plausibly.lifestyle,available,1.8,48.98,high,low,9,namecheap,,,14/09/2026 09:28
39f67f58-8f0b-43b6-84ae-b38d0ba907c1,characteristic.lifestyle,available,39.99,,high,low,14,name.com,,,
20b8c7f1-289b-4c57-829c-817ea4a9a871,shortly.lifestyle,available,5.49,39.99,high,low,7,namesilo,,,
7a08e4cd-4c48-4484-9001-ab0a5d8e343f,plop.lifestyle,premium,227.5,325,medium,low,4,namecheap,,,15/09/2026 20:39
49be62a4-31e8-4dea-9f39-151bc5ec53a1,arctan.lifestyle,available,5.49,39.99,medium,low,6,namesilo,,,20/09/2026 01:31
6a15ce7f-86ea-4979-96dc-2cb3a3b4bca5,closed.lifestyle,available,1.8,48.98,high,low,6,namecheap,,,12/08/2026 12:15
acf15b9a-6d18-4a22-b74f-41c5883b3c5b,myopic.lifestyle,available,1.8,48.98,medium,low,6,namecheap,,,03/09/2026 12:14
eb569547-ff18-4378-9877-1ba58ebac8a3,scrimpy.lifestyle,available,1.8,48.98,medium,low,7,namecheap,,,24/08/2026 18:10
83c56e75-9840-4b8f-898a-0bbd70242622,skim.lifestyle,premium,910,1300,high,low,4,namecheap,,,10/09/2026 09:32
99dd282d-4f27-44ca-a0cc-345643acd26b,maximising.lifestyle,available,1.8,48.98,high,low,10,namecheap,,,24/08/2026 17:58
78d2b1cf-e702-44a7-9e7a-ac9716c786f1,youre.lifestyle,premium,98,140,medium,low,5,namecheap,,,
9930d271-700c-4e88-bf33-ef4744bdf82a,amplifies.lifestyle,available,1.8,48.98,medium,low,9,namecheap,,,17/09/2026 20:54
065e183e-ffaf-4c08-9de0-3d014afbf921,observe.lifestyle,available,5.49,39.99,high,low,7,namesilo,,,25/09/2026 23:53
b69617c0-c9f2-4c2e-a814-7457d2722c2b,quaintly.lifestyle,available,1.8,48.98,high,low,8,namecheap,,,15/09/2026 22:07
7172185f-c7bb-48dc-ab82-bceba53c5b2c,virtuous.lifestyle,available,1.8,48.98,high,low,8,namecheap,,,13/09/2026 06:06
ecdbce61-5a1f-4007-8b10-7701dfa55da9,knockdown.lifestyle,available,1.8,48.98,medium,low,9,namecheap,,,22/08/2026 16:34
826a0b7f-1663-4779-b3a0-194be05109d2,dogsledding.lifestyle,available,5.49,39.99,high,low,11,namesilo,,,20/09/2026 01:02
404b4751-9d34-47a5-917a-f822200541f8,ransacked.lifestyle,available,1.8,48.98,medium,low,9,namecheap,,,24/08/2026 09:49
55facc02-a348-4596-9f7c-3acf6d733646,goods.lifestyle,premium,65,130,high,low,5,namecheap,,,
bca2a829-e61e-4d23-9efc-bbfbebce21b6,abel.lifestyle,premium,302.5,302.5,high,low,4,namesilo,,,16/09/2026 14:57
fa6833f1-0c28-44d3-a643-a9233c293728,warming.lifestyle,available,1.8,48.98,high,low,7,namecheap,,,11/08/2026 14:09
d41256e5-f335-439d-b6fe-050d4244f756,mystically.lifestyle,available,1.8,48.98,medium,low,10,namecheap,,,15/09/2026 15:58
5fadd653-054d-40e2-846b-a652a4fca19a,omphalos.lifestyle,available,5.49,39.99,high,low,8,namesilo,,,23/09/2026 06:37
76cc80a8-a686-4103-83c4-633be299f6ba,sarcosomal.lifestyle,available,1.8,48.98,high,medium,10,namecheap,,,09/09/2026 21:29
9035c0dc-8f1b-4eac-b39a-05c4c4b1cf4b,arbitrage.lifestyle,available,5.49,39.99,high,low,9,namesilo,,,20/09/2026 00:42
2e8f7db0-f87f-48e4-8fd6-2541d6e6a9d0,blackhead.lifestyle,available,5.49,39.99,medium,low,9,namesilo,,,24/09/2026 02:47
c9a0386c-a5a8-495c-b6a2-dfe1c2fa230f,reads.lifestyle,premium,116,116,medium,low,5,namesilo,,,19/09/2026 00:45
124772f3-6f19-4f4a-9f71-a26c26f507f1,immodest.lifestyle,available,1.8,48.98,medium,low,8,namecheap,,,21/08/2026 21:09
583ba0fb-a8ae-4504-9b53-63e9eff4c10b,simple.lifestyle,premium,2660,2660,high,medium,6,namesilo,,,25/09/2026 15:00
d0e84eae-54b1-4a76-a7f9-20f8479dc87c,animated.lifestyle,available,1.8,48.98,high,low,8,namecheap,,,22/09/2026 05:00
2fbea7d7-18ca-49be-9a6b-b1020abbf509,faith.lifestyle,premium,490,700,high,low,5,namecheap,,,
f199965a-5477-43d1-a46c-80ec7ad6c290,lowbrow.lifestyle,available,1.8,48.98,high,low,7,namecheap,,,
f1a65d67-619f-4039-9b2a-5291cf7655a9,estimate.lifestyle,available,5.49,39.99,high,low,8,namesilo,,,
71d2968f-8ce9-444f-9ac2-2469a4305dd4,musical.lifestyle,available,1.8,48.98,high,low,7,namecheap,,,25/09/2026 19:12
4517cd1d-8195-492f-b7cf-2117d881401c,breathe.lifestyle,available,5.49,39.99,high,low,7,namesilo,,,
58d0aa9b-4394-468d-b6f0-3784e60dbbf9,hebridean.lifestyle,available,1.8,48.98,high,low,9,namecheap,,,21/08/2026 05:45
b0b4dd82-168e-4dff-b256-e047cb60c3fe,amplitude.lifestyle,available,5.49,39.99,high,low,9,namesilo,,,18/09/2026 23:46
6f992659-31b2-4779-bd0f-40826cf1c27d,pitted.lifestyle,available,1.8,48.98,medium,low,6,namecheap,,,
6e7629df-27fa-4a05-8389-d3c563f68de0,cyclist.lifestyle,available,5.49,39.99,high,low,7,namesilo,,,23/09/2026 13:21
4565d1a7-1978-4324-9e68-e39ed7fec517,botanic.lifestyle,available,1.8,48.98,high,low,7,namecheap,,,10/08/2026 20:46
51d82d49-d27d-4b6c-8a97-dd5751852a30,agee.lifestyle,premium,227.5,325,medium,low,4,namecheap,,,17/09/2026 16:52
66cad915-95d1-40a5-986b-771cdd54259b,xcl.lifestyle,premium,910,1300,medium,low,3,namecheap,,,
90fe2eab-27d1-44a8-9cb1-e1ac4e83535e,ideas.lifestyle,premium,98,140,high,low,5,namecheap,,,
ab1f88fd-ad7d-486c-9d6a-ba808954b82f,licentious.lifestyle,available,1.8,48.98,medium,low,10,namecheap,,,23/08/2026 00:56
0f909506-17e9-46ed-8dc6-bbf73f1b44f5,barbuda.lifestyle,available,5.49,39.99,high,low,7,namesilo,,,22/09/2026 05:04
7e05ced8-f302-4116-8140-733e083bc51f,voracious.lifestyle,available,1.8,48.98,medium,low,9,namecheap,,,15/08/2026 06:15
7577f1a2-1de7-4da7-ada9-584e7c346520,spontaneous.lifestyle,available,5.49,39.99,high,low,11,namesilo,,,
a1a1d93a-f604-4004-8762-e207fbba65dc,hey.lifestyle,premium,980,1400,high,medium,3,namecheap,,,
1cf0cc81-071c-4b6c-b9bf-17ab47e03c7d,information.lifestyle,available,39.99,59.99,high,low,11,name.com,,,25/09/2026 01:58
cbc779c1-ee7e-44c0-9758-abee2d9ad011,observer.lifestyle,premium,98,140,high,low,8,namecheap,,,
b247706a-cbc3-4ea6-988d-2896f1399566,untracked.lifestyle,available,1.8,48.98,medium,low,9,namecheap,,,08/09/2026 10:31
2857a883-dc5d-49d5-9688-810716ae14c6,gum.lifestyle,premium,1107,1107,high,low,3,namesilo,,,24/09/2026 14:25
c43006db-2aa0-4317-a297-95e55cf731aa,acanthion.lifestyle,available,1.8,48.98,medium,low,9,namecheap,,,16/09/2026 20:39
9b2af66e-f98e-4082-8c53-d15b1ce51a64,annealing.lifestyle,available,1.8,48.98,high,low,9,namecheap,,,11/09/2026 10:58
3ea8b37d-e788-4a47-aaf9-cb22bc4ef7a0,cloudberry.lifestyle,available,1.8,48.98,medium,low,10,namecheap,,,21/09/2026 20:03
1bc034b4-9291-4081-8eb0-9d437ba521ea,hexad.lifestyle,premium,91,130,medium,low,5,namecheap,,,
e7e72c00-7585-4f70-9a76-8cff3567ab70,lit.lifestyle,premium,1107,1107,high,medium,3,namesilo,,,25/09/2026 07:48
8c28c08c-90c8-4345-9704-45def9bc3acb,crevice.lifestyle,available,1.8,48.98,high,low,7,namecheap,,,13/08/2026 04:16
abad82a3-42c3-4815-a467-086440f9c1a2,crude.lifestyle,premium,116,116,high,low,5,namesilo,,,24/09/2026 02:12
259ee034-fff1-4923-9ddd-48875b8a9f3d,down.lifestyle,premium,302.5,302.5,high,low,4,namesilo,,,24/09/2026 11:53
3d420fc0-2b31-4adf-ab5d-17cbf5992407,tempering.lifestyle,available,1.8,48.98,medium,low,9,namecheap,,,11/09/2026 10:56
ec568000-9b78-4e63-afe5-bac8017fb4a3,glaswegian.lifestyle,available,1.8,48.98,high,low,10,namecheap,,,20/08/2026 14:14
6eb1242d-5e3a-4028-897d-dba7f39fd0aa,legislative.lifestyle,available,5.49,39.99,high,low,11,namesilo,,,
cb942453-7a30-41e1-9687-c4c50eed5064,tube.lifestyle,premium,640,640,high,low,4,namesilo,,,25/09/2026 22:34
4e99cbf6-ab43-4860-bd3d-127442edb4ab,sulphur.lifestyle,available,1.8,48.98,medium,low,7,namecheap,,,20/09/2026 22:29
c7434b0f-0902-4000-a8c7-75907bee1e30,cricket.lifestyle,premium,490,700,high,low,7,namecheap,,,
36376ef5-914f-4c4e-a57d-40a968e60876,mckenzie.lifestyle,premium,640,640,high,low,8,namesilo,,,25/09/2026 12:28
aa616e7d-2089-45ca-81ef-72bb824c3790,sniffy.lifestyle,available,1.8,48.98,medium,low,6,namecheap,,,21/08/2026 01:27
ace86a8b-d806-4bda-be05-0dad16eef094,vault.lifestyle,premium,640,640,high,medium,5,namesilo,,,22/09/2026 02:40
1345d154-c19f-4b9c-95a8-4ece47c1ffbc,abrogation.lifestyle,available,1.8,48.98,medium,low,10,namecheap,,,16/09/2026 17:14
ef5c1ab4-8350-4480-981b-89c666aed9ba,redness.lifestyle,available,1.8,48.98,high,medium,7,namecheap,,,09/09/2026 12:08
f1a3779d-e5e7-4fe3-a1ed-c373c78edf74,troll.lifestyle,premium,98,140,high,low,5,namecheap,,,
38511a1b-10cd-4660-bab4-24a4ea14504e,pigboat.lifestyle,available,1.8,48.98,medium,low,7,namecheap,,,11/09/2026 00:21
c75f9347-31a6-4aa9-977b-0235c293be81,organised.lifestyle,available,5.49,39.99,high,low,9,namesilo,,,26/09/2026 00:28
b0ddbaac-b911-4f5d-bacb-73ca2dca2ff8,even.lifestyle,premium,640,640,high,medium,4,namesilo,,,19/09/2026 12:57
e6f3a34f-3a5b-4672-b2de-83ff3f2c9eb2,biro.lifestyle,available,5.49,39.99,medium,low,4,namesilo,,,21/09/2026 23:23
ef10c57c-1ae8-430a-8e5d-1fd1042d52f3,clanking.lifestyle,available,1.8,48.98,medium,low,8,namecheap,,,12/08/2026 09:33
e9b672b9-a9f7-453e-8868-c82099a6f5fb,arcanum.lifestyle,available,5.49,39.99,high,low,7,namesilo,,,20/09/2026 01:37
ea790281-3278-4dbd-b44d-8d39d0073ebf,residue.lifestyle,available,1.8,48.98,high,low,7,namecheap,,,09/09/2026 15:05
14cb5558-c640-4bb3-945f-995ba071eb77,moulding.lifestyle,available,5.49,39.99,medium,low,8,namesilo,,,24/09/2026 15:25
b8dc7593-4390-4a99-8b81-963904fdc0ba,madrona.lifestyle,available,5.49,39.99,medium,low,7,namesilo,,,20/09/2026 01:01
dd4a6fe3-c1a8-4f86-9dbe-5589cbd17054,autarchic.lifestyle,available,1.8,48.98,medium,low,9,namecheap,,,07/08/2026 18:36
11561f04-d459-4302-8b16-c8c92b67868e,favourite.lifestyle,available,39.99,59.99,high,low,9,name.com,,,13/08/2026 18:17
92da17cd-dc5e-4988-a543-859a9420b145,enmeshed.lifestyle,available,1.8,48.98,medium,low,8,namecheap,,,17/08/2026 09:39
f2b7193c-4e62-49d2-891f-710786242c10,airliner.lifestyle,available,5.49,39.99,high,low,8,namesilo,,,17/09/2026 23:14
5fdae628-dd09-4be5-afaa-6ae9f671a08a,raunchy.lifestyle,available,1.8,48.98,medium,low,7,namecheap,,,09/08/2026 09:41
7a5672a8-b3de-47e0-ac4c-27c0926ab271,sextet.lifestyle,available,1.8,48.98,high,low,6,namecheap,,,
76ac56c5-41e7-4efe-847c-e13538cfb704,gerry.lifestyle,available,1.8,48.98,medium,low,5,namecheap,,,25/09/2026 15:41
2542cddf-84ea-4240-a1b3-b5dd9957af66,labored.lifestyle,available,1.8,48.98,medium,low,7,namecheap,,,22/08/2026 17:34
32618aba-46dd-45bf-8571-fe9d8309480c,coconut.lifestyle,available,5.49,39.99,high,low,7,namesilo,,,
1b1ff48c-cbd2-47d0-ac40-80b521dfcca5,endangered.lifestyle,available,1.8,48.98,high,low,10,namecheap,,,17/08/2026 00:51
33e2cb58-90ce-49bf-8974-129c2db49ff6,joey.lifestyle,premium,640,640,high,low,4,namesilo,,,25/09/2026 11:16
367722eb-be3c-4a3d-8ccc-19f75cc595f6,peterson.lifestyle,available,5.49,39.99,high,low,8,namesilo,,,25/09/2026 17:40
4aa4b1c3-fd2d-41e0-841a-d482d68e1d88,amhara.lifestyle,available,1.8,48.98,high,low,6,namecheap,,,18/09/2026 21:12
90ea76d7-4a40-4ed3-bfbc-a321a2dcb659,capped.lifestyle,available,1.8,48.98,medium,low,6,namecheap,,,11/08/2026 18:02
f399d0f3-920d-4cc3-98d7-0fcd27367637,yum.lifestyle,premium,490,700,high,low,3,namecheap,,,
c25aac63-2ee4-478a-b76a-212d14238a63,selection.lifestyle,available,1.8,48.98,high,low,9,namecheap,,,12/08/2026 06:37
4528e48b-b78b-41c0-897f-7819fb4146ef,heathen.lifestyle,available,1.8,48.98,high,low,7,namecheap,,,18/08/2026 21:55
010a1f3b-5fa2-4063-9d7d-cfe6b2e4338a,paying.lifestyle,available,5.49,39.99,high,low,6,namesilo,,,24/09/2026 22:11
3f52060f-5d57-4524-b5bf-2d1b3b759cc9,braille.lifestyle,available,1.8,48.98,high,low,7,namecheap,,,24/09/2026 08:01
260fb686-ca21-4941-b6a7-f66f6383091e,cab.lifestyle,premium,1107,1107,high,low,3,namesilo,,,24/09/2026 11:33
515eb331-1eda-425e-aaae-c1a7cb34804d,sabbatic.lifestyle,available,1.8,48.98,high,low,8,namecheap,,,09/09/2026 20:32
a9b4b21a-deae-4c5d-bcb6-efe04916c8e8,acorus.lifestyle,available,5.49,39.99,medium,low,6,namesilo,,,17/09/2026 02:25
7df505d4-b5f1-4f03-9904-43156a75837c,wastewater.lifestyle,available,1.8,48.98,medium,low,10,namecheap,,,15/08/2026 15:34
49d70688-18b7-4b47-a3f7-01a69ed9480e,hide.lifestyle,premium,227.5,325,high,low,4,namecheap,,,24/09/2026 17:32
f495b303-0e54-44b9-997f-dbe4730616cc,lilac.lifestyle,premium,91,130,high,low,5,namecheap,,,22/08/2026 21:04
7ef5f1c2-f79b-4735-8865-af3b2e82c117,unscalable.lifestyle,available,1.8,48.98,medium,low,10,namecheap,,,12/09/2026 05:23
45d4f021-d227-448c-996d-a960c2566999,capillary.lifestyle,available,1.8,48.98,high,low,9,namecheap,,,11/08/2026 17:53
18677967-f32e-48c9-b109-19348acc757a,benefice.lifestyle,available,5.49,39.99,high,low,8,namesilo,,,23/09/2026 07:54
f9610919-cf0e-46ea-bdb3-12507cb06b79,dashingly.lifestyle,available,1.8,48.98,high,low,9,namecheap,,,14/09/2026 10:41
b9179784-4dd8-4910-871a-9fa5ac33a709,missed.lifestyle,available,1.8,48.98,high,low,6,namecheap,,,25/08/2026 01:45
71ea2a2c-6e07-45d9-8f7d-29cb14616ea7,allograft.lifestyle,available,5.49,39.99,medium,low,9,namesilo,,,18/09/2026 11:54
bb960fbd-2218-4416-92cb-782d1802b4da,preferent.lifestyle,available,1.8,48.98,medium,low,9,namecheap,,,09/08/2026 17:55
7667d429-bfc6-438c-b572-cf2e3a1e1d19,melodious.lifestyle,available,1.8,48.98,high,low,9,namecheap,,,24/08/2026 19:38
9c58a783-a2ee-4580-a8c8-e4d246bacdc5,paintpot.lifestyle,available,39.99,,medium,low,9,name.com,,,
f8238f3d-0829-4e08-9b2c-c93171c162fe,parhelic.lifestyle,available,1.8,48.98,medium,low,8,namecheap,,,08/09/2026 01:31
250bbcb7-88eb-4a01-b45d-6b7e35d1349b,acorn.lifestyle,premium,640,640,high,low,5,namesilo,,,17/09/2026 02:18
8966d281-8ad0-4760-9c2a-fb635bd84aac,feet.lifestyle,premium,245,350,high,low,4,namecheap,,,
d278e397-830c-437b-9ecb-44a08e1facbb,apt.lifestyle,premium,1250,1250,high,low,3,name.com,,,22/09/2026 07:23
d92eb6ee-162d-44af-9e5c-ce8ef0b95da9,bigfoot.lifestyle,premium,640,640,high,low,7,namesilo,,,23/09/2026 15:06
5d711975-4fca-4250-8c9b-e4f9905c6acd,pages.lifestyle,premium,640,640,high,low,5,namesilo,,,17/09/2026 10:38
f1da8bc0-6995-4b29-ba9e-7df6ae8fb3a7,cybernetic.lifestyle,available,1.8,48.98,high,low,10,namecheap,,,19/09/2026 11:38
84d15ec2-f8f9-4125-961d-6b2c2a9b0914,steadied.lifestyle,available,1.8,48.98,high,low,8,namecheap,,,10/09/2026 19:30
3e4af0c4-65dd-42e0-a728-18cc6fcdd596,solvent.lifestyle,available,5.49,39.99,high,low,7,namesilo,,,19/09/2026 16:47
9a6b26f5-c27e-4cd8-9f2e-7f7c9df38fd0,dark.lifestyle,premium,302.5,302.5,high,medium,4,namesilo,,,24/09/2026 04:29
cd812bbb-2fe5-4d64-986c-9a9822b3a8da,autofocus.lifestyle,available,5.49,39.99,high,low,9,namesilo,,,21/09/2026 06:19
b64ebd18-30a9-4aca-baff-0381b8396100,fathomable.lifestyle,available,1.8,48.98,medium,low,10,namecheap,,,17/08/2026 23:40
1039f24e-97e4-407d-8026-596348462993,polemic.lifestyle,available,1.8,48.98,medium,low,7,namecheap,,,08/09/2026 22:51
c62bb78b-c154-460c-85a6-5073026139ac,winking.lifestyle,available,1.8,48.98,high,low,7,namecheap,,,10/08/2026 14:28
558aaecb-a43b-4c0f-9c6e-6bd7d327fa4b,quite.lifestyle,premium,98,140,high,low,5,namecheap,,,
4fceca61-6922-406c-a6e2-b6e34857c351,mid.lifestyle,premium,980,1400,high,low,3,namecheap,,,
3c571806-107e-4c29-8141-041cce9236a2,subatomic.lifestyle,available,1.8,48.98,medium,low,9,namecheap,,,10/09/2026 23:38
b802ae27-2724-4176-886e-475a15208d82,abruzzi.lifestyle,available,1.8,48.98,medium,low,7,namecheap,,,16/09/2026 17:28
5f49f0e9-30a6-4ef3-b62b-f1a725ffa320,addible.lifestyle,available,1.8,48.98,medium,low,7,namecheap,,,
233c1e5b-3492-46fc-bd1e-da8f053f99b8,mouldy.lifestyle,available,1.8,48.98,medium,low,6,namecheap,,,25/08/2026 03:52
5509ad8f-4cbd-4647-874b-a3f5f926510d,lingual.lifestyle,available,1.8,48.98,high,low,7,namecheap,,,23/08/2026 15:07
2f944968-04e6-4003-bbbc-dc61abec046a,jungly.lifestyle,available,1.8,48.98,medium,low,6,namecheap,,,22/08/2026 14:27
00c6a097-0a00-48fa-b031-ff36f1620b43,socialised.lifestyle,available,1.8,48.98,medium,low,10,namecheap,,,10/09/2026 13:14
376177e3-1d6d-4413-9339-20efd273a211,engage.lifestyle,premium,980,1400,high,low,6,namecheap,,,
88563c33-aded-497d-83d6-4a38a867d443,belatedly.lifestyle,available,1.8,48.98,medium,low,9,namecheap,,,22/08/2026 20:25
c961c18f-9caa-4847-842a-dd8d7da93de7,kelvin.lifestyle,available,1.8,48.98,high,low,6,namecheap,,,22/08/2026 15:02
e448e23d-fd85-4052-b5d5-96f04bf91e66,tire.lifestyle,premium,302.5,302.5,high,low,4,namesilo,,,25/09/2026 11:34
7ddea918-7b49-498b-83d0-6a62fc9c674e,artery.lifestyle,available,5.49,39.99,high,low,6,namesilo,,,20/09/2026 10:30
8ec71547-8584-430e-80fd-ead8cd5547be,stirring.lifestyle,available,1.8,48.98,high,medium,8,namecheap,,,09/09/2026 19:07
7ed78667-8e9e-438c-b7f9-f2c87a58c5b4,airlock.lifestyle,available,5.49,39.99,high,low,7,namesilo,,,17/09/2026 22:33
5c407855-b737-484d-bf0f-5c2ee9889b81,toroidal.lifestyle,available,1.8,48.98,medium,low,8,namecheap,,,11/09/2026 17:55
f003c373-7389-4942-8d6b-3f63c37b7906,jawless.lifestyle,available,1.8,48.98,medium,low,7,namecheap,,,22/08/2026 12:34
6afa6bdc-c481-4fa3-8b4a-9afdcd2ddb72,buttoned.lifestyle,available,1.8,48.98,medium,low,8,namecheap,,,11/08/2026 11:58
3cbb6083-9417-4b30-87f8-1fcdb1435650,crust.lifestyle,premium,116,116,high,low,5,namesilo,,,24/09/2026 14:05
2247d659-6f37-4f97-85a1-9b8ab85b56f6,benzine.lifestyle,available,5.49,39.99,high,low,7,namesilo,,,23/09/2026 08:53
2259b395-2a5f-4169-82a7-722d9823f692,physically.lifestyle,available,5.49,39.99,high,low,10,namesilo,,,19/09/2026 14:53
2f8e7bf8-b2e0-46ee-bbf9-815f91014398,retail.lifestyle,premium,640,640,high,low,6,namesilo,,,24/09/2026 02:35
328cdb41-ac46-4c35-91d3-e1168a591804,sportsperson.lifestyle,available,5.49,39.99,high,low,12,namesilo,,,16/09/2026 08:58
0012f5e7-fdd3-4f67-a1b7-a09e23566562,cernuous.lifestyle,available,1.8,48.98,medium,low,8,namecheap,,,12/08/2026 00:44
9d2b39f0-d552-485c-91bf-b6f2479b0e48,eviction.lifestyle,available,5.49,39.99,high,low,8,namesilo,,,24/09/2026 17:35
ed83962e-1f38-4df7-a6a4-27df582a082c,waxen.lifestyle,premium,91,130,medium,low,5,namecheap,,,13/09/2026 08:42
4602653e-5719-4742-a9bb-54c0a0ea2f07,sports.lifestyle,premium,1300,2600,high,medium,6,namecheap,,,
ad6347a7-dced-4fa3-8ad6-888373a1e5eb,fallow.lifestyle,available,1.8,48.98,high,low,6,namecheap,,,17/08/2026 21:32
7cc472e8-0336-4acb-b158-8a91e65f08ed,geological.lifestyle,available,1.8,48.98,high,low,10,namecheap,,,18/08/2026 22:28
a54f76ad-f417-46a6-8db9-d033f955d613,papillary.lifestyle,available,1.8,48.98,medium,low,9,namecheap,,,05/09/2026 01:21
0b7a2750-66f2-4b6e-b7cf-52eb440b1963,unframed.lifestyle,available,1.8,48.98,medium,low,8,namecheap,,,12/09/2026 10:41
eecf0312-b8d2-488c-9915-00168ab11eaf,occident.lifestyle,available,1.8,48.98,medium,low,8,namecheap,,,13/09/2026 10:49
cf704150-0294-4a36-9831-56e53e57d58a,bay.lifestyle,premium,910,1300,high,low,3,namecheap,,,09/08/2026 02:26
52588b28-492c-4135-b808-e2f197d7ee51,damned.lifestyle,available,5.49,39.99,medium,low,6,namesilo,,,22/09/2026 21:41
8b1e2f96-5e27-4616-b4b4-4bd138681d25,scarecrow.lifestyle,available,1.8,48.98,high,low,9,namecheap,,,23/09/2026 19:41
5616f95c-881b-412d-a547-087892b9e648,between.lifestyle,available,5.49,39.99,high,low,7,namesilo,,,
464a44e7-61fe-4491-980f-d0438027c06a,saccharine.lifestyle,available,1.8,48.98,medium,low,10,namecheap,,,12/08/2026 12:48
bfc89b5d-9ce1-4b6b-9664-13721f38f090,lace.lifestyle,premium,245,350,high,low,4,namecheap,,,
a587ab3b-6ed8-405f-b361-d8ce885e8eb1,approved.lifestyle,available,1.8,48.98,high,low,8,namecheap,,,06/08/2026 09:20
e233b72d-7da9-4046-8795-7a6b635bacd5,swishy.lifestyle,available,1.8,48.98,high,low,6,namecheap,,,11/09/2026 05:54
93768a3a-f22b-4f96-b3a7-d0cd856c39c1,flashy.lifestyle,available,1.8,48.98,high,low,6,namecheap,,,18/08/2026 06:33
e6dea152-34c5-4b79-bfcf-e5ed749d14a4,navigable.lifestyle,available,1.8,48.98,high,low,9,namecheap,,,03/09/2026 14:13
7520e993-5582-4c14-9285-58cabc3278bf,alluvial.lifestyle,available,1.8,48.98,high,low,8,namecheap,,,
97fcbffd-cf65-479c-8073-bed4bad2cc5a,flyer.lifestyle,premium,91,130,high,low,5,namecheap,,,11/08/2026 05:11
fa2316ba-b591-436d-9c20-a478f22a560c,stone.lifestyle,available,1.8,48.98,high,low,5,namecheap,,,19/09/2026 11:54
a7864ad0-e592-460c-9365-3cb9a20258dd,sara.lifestyle,premium,227.5,325,high,low,4,namecheap,,,25/09/2026 21:30
435ab14c-523f-4402-89e9-38f40c465d06,rheumatism.lifestyle,available,5.49,39.99,high,low,10,namesilo,,,21/09/2026 00:56
56a4ce40-f304-4fed-8996-dc5846fd2ad4,feign.lifestyle,premium,91,130,high,medium,5,namecheap,,,09/09/2026 01:48
4bc71563-68e7-4f3f-acab-7ca6a689c114,baas.lifestyle,premium,227.5,325,high,low,4,namecheap,,,21/09/2026 12:09
583ae548-8658-4662-bae8-0b1f1abbd05c,sovereign.lifestyle,premium,455,650,high,medium,9,namecheap,,,22/09/2026 14:14
0d91d7d4-8fc3-4e76-bb8e-0f7dd7dcc5d7,earthbound.lifestyle,available,1.8,48.98,high,low,10,namecheap,,,14/08/2026 22:37
13a91b7f-42b4-42e8-99e2-d70341d14cfe,jolty.lifestyle,premium,91,130,medium,low,5,namecheap,,,11/08/2026 09:50
447b1dee-df53-4c30-a90e-95e61f710449,falsetto.lifestyle,available,1.8,48.98,high,low,8,namecheap,,,17/08/2026 21:33
5b812da1-422d-4fe2-ba91-5095abaa88b1,allow.lifestyle,premium,91,130,high,low,5,namecheap,,,06/08/2026 09:03
ecef3151-0983-4a4c-b57f-2738f8c4f4f8,overseas.lifestyle,premium,640,640,high,medium,8,namesilo,,,21/09/2026 14:34
2824d289-0a1e-4fef-9c57-96430e05c0ca,godown.lifestyle,available,5.49,39.99,medium,low,7,namesilo,,,
c3db4bee-9e90-496c-b5ac-b05f903d6237,attentions.lifestyle,available,1.8,48.98,medium,low,10,namecheap,,,19/09/2026 21:27
38597945-bab1-4caf-a5b1-aba88971e76a,stranger.lifestyle,available,39.99,,high,low,8,name.com,,,
ce733fe9-deed-4f04-ac50-b65fd6532985,xanax.lifestyle,available,5.49,39.99,medium,low,5,namesilo,,,18/09/2026 14:09
be000c3b-6605-4ae9-b2f3-086a1063b961,thompson.lifestyle,premium,640,640,high,low,8,namesilo,,,23/09/2026 08:26
7c16b3f1-2fab-4992-b84e-353a56d07e49,sane.lifestyle,premium,227.5,325,high,low,4,namecheap,,,19/09/2026 15:46
5917ab70-5388-4945-be78-38543771b77e,charts.lifestyle,available,5.49,39.99,high,low,6,namesilo,,,18/09/2026 23:12
eef55e44-b9ac-420a-8a70-1612298626ba,yarrow.lifestyle,available,5.49,39.99,medium,low,6,namesilo,,,17/09/2026 00:36
cca82c61-06cf-4a2c-9a99-0ec94e0c989b,betrothed.lifestyle,available,1.8,48.98,high,low,9,namecheap,,,09/08/2026 18:07
a8d822b1-b9f5-41ed-a5e9-18ce33399c62,undigested.lifestyle,available,1.8,48.98,medium,low,10,namecheap,,,12/09/2026 08:01
1b339e4e-f60b-4edc-a07e-1a9af64f6ccd,pluton.lifestyle,available,1.8,48.98,medium,low,6,namecheap,,,22/09/2026 13:46
3aa38d69-db57-461e-b70a-d94fcad5ee79,chickenpox.lifestyle,available,5.49,39.99,medium,low,10,namesilo,,,24/09/2026 14:28
3d23dd64-20ed-463c-bd6e-178a3c880bfc,senses.lifestyle,available,5.49,39.99,high,low,6,namesilo,,,
67a22026-6ee5-49ba-a684-64e0f9ec81d5,consuming.lifestyle,available,1.8,48.98,high,low,9,namecheap,,,23/09/2026 21:22
9905fb0f-6871-4fb5-bdfc-89a039b10473,bulletin.lifestyle,available,5.49,39.99,high,low,8,namesilo,,,24/09/2026 11:08
70fcbeba-a824-4dd4-bdd0-0101646ccb16,question.lifestyle,premium,910,1300,high,low,8,namecheap,,,25/09/2026 10:22
e3f95b4f-89ee-476c-948e-2dece33dedfc,menstrual.lifestyle,available,1.8,48.98,high,low,9,namecheap,,,11/08/2026 20:59
141b6686-fa95-450d-b0fd-d52ef7745632,bandolier.lifestyle,available,5.49,39.99,medium,low,9,namesilo,,,22/09/2026 01:27
8c750792-7e58-4122-b42b-94a9496cb4f9,clef.lifestyle,premium,302.5,302.5,high,low,4,namesilo,,,24/09/2026 15:30
3f60191a-4a29-4632-9a50-fc733937d3b0,homespun.lifestyle,available,1.8,48.98,high,low,8,namecheap,,,13/08/2026 04:23
d586dbb7-809e-4ee4-9869-a2ee13693d15,beaming.lifestyle,available,1.8,48.98,high,low,7,namecheap,,,09/08/2026 04:03
c39f8611-ca64-490b-ab42-c66e70f40e7e,room.lifestyle,premium,2660,2660,high,low,4,namesilo,,,23/09/2026 08:08
b9965f73-fb68-4d7e-9de0-36af99229a9b,roth.lifestyle,premium,1107,1107,high,low,4,namesilo,,,25/09/2026 09:56
caf1118c-bcfc-4feb-8ec8-87c47ec45f97,mindfully.lifestyle,available,1.8,48.98,high,low,9,namecheap,,,13/09/2026 17:29
174e5b0e-d758-47ec-aa7f-a0a73111396e,bouncy.lifestyle,premium,640,640,high,low,6,namesilo,,,23/09/2026 01:24
dea989d3-e219-4928-bc73-b7a07baef7ea,amyloid.lifestyle,available,1.8,48.98,medium,low,7,namecheap,,,
76c03b96-cebe-40e9-a99b-f3d2d627e872,squally.lifestyle,available,1.8,48.98,low,low,7,namecheap,,,10/09/2026 17:18
8041dee2-b38e-4e1c-a86e-098e2ea95cb2,wideband.lifestyle,available,1.8,48.98,high,low,8,namecheap,,,13/09/2026 11:50
e826f817-2de2-4715-b3e1-d112a8cbc59d,syndetic.lifestyle,available,1.8,48.98,medium,low,8,namecheap,,,11/09/2026 06:23
805c0804-2e40-4ad9-a9b2-9ca01a134ea0,bergman.lifestyle,available,5.49,39.99,high,low,7,namesilo,,,23/09/2026 09:21
b928b4b1-0de6-450b-9ebd-df5c1402b628,procedural.lifestyle,available,1.8,48.98,high,low,10,namecheap,,,09/09/2026 02:31
706384a7-a697-46db-83c5-121dde7fcb9c,ergonomics.lifestyle,available,1.8,48.98,high,low,10,namecheap,,,23/09/2026 17:53
b7e4de48-a345-47ac-95d2-d36d78b144e5,credence.lifestyle,available,5.49,39.99,high,low,8,namesilo,,,16/09/2026 21:59
495fb6d0-ad71-4c91-a04f-538f02f82bb3,career.lifestyle,premium,490,700,high,low,6,namecheap,,,
e0222120-a437-40b3-bb58-e9fee70551c1,fecund.lifestyle,available,1.8,48.98,medium,low,6,namecheap,,,18/08/2026 00:34
ef30ee79-cf10-4303-aec9-7063b7f08064,aquifer.lifestyle,available,1.8,48.98,high,low,7,namecheap,,,19/09/2026 23:11
451315ef-d23c-4964-9252-1e7ae6abef6c,sixty.lifestyle,premium,91,130,high,low,5,namecheap,,,
d1fe62a1-e91f-48d0-a971-0dbab958a0f0,office.lifestyle,premium,640,640,high,medium,6,namesilo,,,25/09/2026 17:33
a017f265-63ab-4e59-827f-d45539d286db,included.lifestyle,available,1.8,48.98,high,low,8,namecheap,,,22/08/2026 01:33
883bd99a-a7c8-4f7d-8934-2e7d8e4add2f,bassia.lifestyle,available,5.49,39.99,medium,low,6,namesilo,,,22/09/2026 12:17
121c8e31-7ead-4e1a-9d46-ab8766add489,splashed.lifestyle,available,39.99,59.99,high,low,8,name.com,,,13/08/2026 15:18
8eb57996-d9d9-4d10-922d-cebb4a336051,subjective.lifestyle,available,5.49,39.99,high,low,10,namesilo,,,25/09/2026 07:50
56507680-3f5a-4669-b405-a6fcd1f642f4,integral.lifestyle,premium,640,640,high,low,8,namesilo,,,23/09/2026 10:33
3ed04705-fdda-40d3-ad86-04fc2b162010,bailey.lifestyle,premium,455,650,high,low,6,namecheap,,,21/09/2026 19:05
7fd30363-4dbe-4911-9b02-fa60019e6022,screech.lifestyle,available,1.8,48.98,high,low,7,namecheap,,,09/09/2026 23:57
edcb3764-c403-4b3c-8cef-d391b3f1d3cb,misfortune.lifestyle,available,5.49,39.99,high,low,10,namesilo,,,21/09/2026 16:43
611608ca-2578-48f3-8b35-40f1709ae283,salient.lifestyle,available,1.8,48.98,high,low,7,namecheap,,,09/09/2026 03:09
1b275a73-a701-485e-bbb6-46672073b45d,headlong.lifestyle,available,1.8,48.98,medium,low,8,namecheap,,,21/08/2026 01:16
4c28339b-d9c0-48b7-8031-4073d9984e4b,unfirm.lifestyle,available,1.8,48.98,low,low,6,namecheap,,,12/09/2026 10:19
3296cd56-e755-4bcd-8b40-9192e45063b0,hiemal.lifestyle,available,1.8,48.98,medium,low,6,namecheap,,,11/08/2026 06:40
66bb6940-9f90-440b-91fc-251713495aa6,bitters.lifestyle,available,1.8,48.98,high,low,7,namecheap,,,23/09/2026 23:09
1a165ef2-c0d7-4a19-affb-7e053ccd7f87,unturned.lifestyle,available,1.8,48.98,medium,low,8,namecheap,,,12/09/2026 21:54
313938c4-d6bc-4c52-89bb-b8faf83500a5,starless.lifestyle,available,1.8,48.98,medium,low,8,namecheap,,,10/09/2026 18:52
1b32c78b-22f4-4814-b505-6afdcff8ebcb,unloaded.lifestyle,available,1.8,48.98,medium,low,8,namecheap,,,12/09/2026 15:03
a979bff5-4856-4f38-b494-3f3aaea16604,appetence.lifestyle,available,5.49,39.99,medium,low,9,namesilo,,,19/09/2026 20:44
fadbea23-437d-4cf8-baff-880717cabb4e,wives.lifestyle,premium,98,140,medium,low,5,namecheap,,,
7449bbbd-6b9c-4067-957d-734cd5561d77,bethel.lifestyle,premium,91,130,medium,low,6,namecheap,,,23/09/2026 11:13
0091daf2-4200-48fd-b26c-c15a5f89763a,cabins.lifestyle,available,5.49,39.99,medium,low,6,namesilo,,,20/09/2026 12:16
906d334f-f24e-43f1-809a-a61012db87b7,murine.lifestyle,available,1.8,48.98,medium,low,6,namecheap,,,03/09/2026 11:04
5f4e7d01-9221-4337-886a-03c945c57167,tactile.lifestyle,available,1.8,48.98,high,low,7,namecheap,,,21/08/2026 00:02
5c710fdd-8803-409b-9a59-e85452c6da3e,tomboys.lifestyle,available,5.49,39.99,low,low,7,namesilo,,,20/09/2026 23:15
b27a4899-8017-4017-b80e-2e1def7c2057,catcher.lifestyle,available,5.49,39.99,high,low,7,namesilo,,,21/09/2026 16:05
48ae222e-948b-4098-ada0-df67fa9d85f6,bargee.lifestyle,available,5.49,39.99,medium,low,6,namesilo,,,22/09/2026 05:47
18db9454-2a83-4d85-b428-69f7139a704f,unskilled.lifestyle,available,1.8,48.98,medium,low,9,namecheap,,,
ca20f75b-aba5-487b-b072-dd1ab6cd8dcb,biographer.lifestyle,available,1.8,48.98,high,low,10,namecheap,,,23/09/2026 18:07
6fc8438e-3799-4ee3-93d9-36a111f19609,lao.lifestyle,premium,910,1300,high,low,3,namecheap,,,22/08/2026 19:34
70de03e4-bec8-4a88-a7a9-71894ca9dc8b,pyretic.lifestyle,available,1.8,48.98,medium,low,7,namecheap,,,09/09/2026 07:03
5132f407-4f63-4b01-b96c-39a5f072766e,inscribed.lifestyle,available,1.8,48.98,medium,low,9,namecheap,,,17/08/2026 08:24
d49e2895-7b8d-4dad-921e-48d6f850062f,threescore.lifestyle,available,1.8,48.98,medium,low,10,namecheap,,,
e194513e-c0f3-45fd-8426-bd3b253ae5b2,stung.lifestyle,premium,91,130,medium,low,5,namecheap,,,
b9c9e608-f18f-49d8-9e2f-53afa6e5c42d,caprine.lifestyle,available,1.8,48.98,medium,low,7,namecheap,,,11/08/2026 18:06
164e6b2c-9e47-490a-a2d8-6d437d7792e6,respondents.lifestyle,available,5.49,39.99,medium,low,11,namesilo,,,25/09/2026 21:41
1d165ace-11c3-49c2-9712-c2328e67cbf9,tortuous.lifestyle,available,1.8,48.98,medium,low,8,namecheap,,,11/09/2026 18:01
645673fb-7bd6-4501-a2ba-594672f7b33e,oneself.lifestyle,available,5.49,39.99,high,low,7,namesilo,,,
824c72e9-e6ea-4a86-90fc-069eedcd68ea,abutter.lifestyle,available,1.8,48.98,medium,low,7,namecheap,,,16/09/2026 19:36
f14548cc-de71-4e6c-8dc4-17e36c9f07b3,uptight.lifestyle,available,1.8,48.98,high,low,7,namecheap,,,15/08/2026 09:30
9d76fd72-d359-48fa-a7a2-34b5073eeaef,wagram.lifestyle,available,5.49,39.99,medium,low,6,namesilo,,,22/09/2026 16:18
551e48e7-300c-4b24-91e2-a29c428934f1,ideal.lifestyle,premium,455,650,high,low,5,namecheap,,,25/09/2026 07:17
5db93562-1d6d-48c2-bd41-510d05bc45f8,appetency.lifestyle,available,5.49,39.99,medium,low,9,namesilo,,,19/09/2026 20:43
3ded2f8c-f4d7-443e-830e-3e5fa07c13c0,andrena.lifestyle,available,5.49,39.99,medium,low,7,namesilo,,,19/09/2026 04:31
e191dfac-3fff-4fc5-8330-f03ff7fc4108,his.lifestyle,premium,980,1400,high,low,3,namecheap,,,
28f88997-6e9c-40ff-a0e7-5f886429c559,healthful.lifestyle,available,1.8,48.98,high,low,9,namecheap,,,21/08/2026 02:02
33d19e39-bc9d-4d26-ac9b-cd99056b6f36,pastel.lifestyle,premium,455,650,high,low,6,namecheap,,,08/09/2026 10:04
0509a10a-5794-40cd-9613-5d2b586537df,theorize.lifestyle,available,5.49,39.99,high,low,8,namesilo,,,24/09/2026 17:19
3883dcbd-4170-46de-8584-fae14feacf0d,sashay.lifestyle,available,1.8,48.98,high,low,6,namecheap,,,11/09/2026 05:14
816c8771-155d-4bae-b069-a5524023bc7b,unbearable.lifestyle,available,5.49,39.99,medium,low,10,namesilo,,,25/09/2026 10:28
64b32b46-5112-43a0-906b-7e3a0ac35cc5,daniel.lifestyle,available,39.99,,high,medium,6,name.com,,,
512617e0-b6a2-42f2-adba-825f01a30a99,petty.lifestyle,available,1.8,48.98,high,low,5,namecheap,,,24/09/2026 17:49
e9eff58c-329b-467d-8d1c-df7313a0144c,swishing.lifestyle,available,5.49,39.99,high,low,8,namesilo,,,18/09/2026 03:16
7b483789-ecbf-4a54-bf87-100ef2f4500a,icc.lifestyle,premium,455,650,high,low,3,namecheap,,,25/09/2026 07:43
d3f9cb88-0ac8-4eb7-8d3f-f3237073a1bd,prudential.lifestyle,premium,455,650,high,medium,10,namecheap,,,09/09/2026 04:48
da271406-0fe1-477e-866f-c6874a140ef0,sparing.lifestyle,available,1.8,48.98,high,low,7,namecheap,,,18/08/2026 16:58
f0aa2867-9d9d-460f-b6d4-c579d3c4fb78,jewelry.lifestyle,premium,1960,2800,high,low,7,namecheap,,,
a816218e-9d5d-403b-9cd0-2c4f12355d92,lillie.lifestyle,available,5.49,39.99,high,low,6,namesilo,,,22/09/2026 21:47
e111f7fd-ee25-4f62-af12-6776210bbb6a,immaterial.lifestyle,available,1.8,48.98,medium,low,10,namecheap,,,17/08/2026 19:22
d06ffb5f-6b1f-4f0b-99c5-5dd011134c69,communication.lifestyle,available,5.49,39.99,high,low,13,namesilo,,,25/09/2026 03:16
bc416dec-610b-4bce-9201-536e1cfa0725,upon.lifestyle,premium,245,350,medium,low,4,namecheap,,,
4dbb237d-baa6-4f3b-8e44-c7d8c1cb613b,unyielding.lifestyle,available,1.8,48.98,high,low,10,namecheap,,,14/08/2026 15:01
e8965a1e-fedd-47e2-8953-c9da15341370,simulated.lifestyle,available,1.8,48.98,high,low,9,namecheap,,,18/08/2026 00:16
9ff9451a-ef9f-4232-9348-1c75f7f91520,searches.lifestyle,available,5.49,39.99,medium,low,8,namesilo,,,20/09/2026 07:30
3576ee7c-a088-41ba-a8a0-98d74ae9ca67,hindi.lifestyle,premium,91,130,high,low,5,namecheap,,,21/08/2026 09:32
7c18823d-c004-4121-a9aa-dc8215928ac8,bull.lifestyle,premium,980,1400,high,low,4,namecheap,,,
58c5a954-979d-42cd-8322-bc2b62a0cfe3,ruminant.lifestyle,available,1.8,48.98,high,medium,8,namecheap,,,09/09/2026 19:22
9082d833-be29-43a5-b8c0-9e0846d5b43b,blowout.lifestyle,available,39.99,,high,low,7,name.com,,,
0bd25655-d0cf-46b5-92d4-34ebe3729432,quash.lifestyle,premium,91,130,high,low,5,namecheap,,,13/09/2026 06:42
82b41f96-931a-45c1-99a4-b16d4c42553f,fuck.lifestyle,premium,227.5,325,high,high,4,namecheap,,,24/09/2026 22:04
8dc083ef-0962-4fa1-9f75-c29445d14c7d,glimpse.lifestyle,available,5.49,39.99,high,low,7,namesilo,,,24/09/2026 18:42
24fec030-ede0-4dc9-90e5-23f4f169ca3b,obtainable.lifestyle,available,1.8,48.98,high,low,10,namecheap,,,18/08/2026 23:06
56837b51-72e2-4515-a327-439b3ad52098,aphid.lifestyle,premium,116,116,medium,low,5,namesilo,,,19/09/2026 16:56
e25612b4-d878-4997-a10e-5b505cac85c9,reservations.lifestyle,available,5.49,39.99,medium,low,12,namesilo,,,17/09/2026 23:30
264740bd-1c46-40eb-bb33-07063deae69e,asceticism.lifestyle,available,1.8,48.98,high,low,10,namecheap,,,20/09/2026 13:08
1b87ed31-c0df-4f29-8ab5-a36307b8133a,bannock.lifestyle,available,5.49,39.99,medium,low,7,namesilo,,,22/09/2026 02:55
7b3ec35e-e545-4044-bcc6-c10b9db0524f,frilly.lifestyle,available,1.8,48.98,high,low,6,namecheap,,,18/08/2026 15:51
ab90c898-68c2-4ce1-8d5a-bd134d59303c,produces.lifestyle,available,5.49,39.99,medium,low,8,namesilo,,,17/09/2026 14:14
199b734d-3e3d-4a6c-bd0f-188d4d59db16,outlined.lifestyle,available,1.8,48.98,high,low,8,namecheap,,,04/09/2026 19:31
e2bd9a3d-21f3-420e-9fd3-8f0128981cda,sax.lifestyle,premium,1107,1107,high,low,3,namesilo,,,17/09/2026 09:36
95b433b0-5472-46e1-a8d5-4c7724c66422,cypriote.lifestyle,available,39.99,59.99,medium,low,8,name.com,,,13/08/2026 14:05
0fbd72e5-f795-417b-84a3-62536d662c06,lion.lifestyle,premium,245,350,high,low,4,namecheap,,,
cc34f093-c005-4c4e-b246-3cb2c2887268,ariled.lifestyle,available,1.8,48.98,medium,low,6,namecheap,,,06/08/2026 19:09
35129ea6-59ae-40ae-8a42-584f7475d92b,allusive.lifestyle,available,1.8,48.98,high,low,8,namecheap,,,
af6080a7-1804-49d9-b1de-847a27090a14,covered.lifestyle,available,1.8,48.98,high,low,7,namecheap,,,24/09/2026 00:50
a3d9bb66-1881-41e7-bb12-be6f78a5683e,refuge.lifestyle,available,1.8,48.98,high,low,6,namecheap,,,20/09/2026 18:32
568914f4-6bbf-433c-a454-c9f483976492,terminus.lifestyle,available,1.8,48.98,high,low,8,namecheap,,,11/09/2026 11:48
ec09f939-f3a4-45eb-9724-88351ec5cf4d,bustling.lifestyle,available,1.8,48.98,high,low,8,namecheap,,,11/08/2026 11:21
c00366d8-7bba-4e40-a87d-545eb8a3657d,mantic.lifestyle,available,1.8,48.98,medium,low,6,namecheap,,,14/08/2026 13:48
8c89ca8b-8a9d-4853-8afe-1e6d2be79cb8,squall.lifestyle,available,39.99,,medium,low,6,name.com,,,
ff55fef7-9404-4967-9f4b-60c939231176,few.lifestyle,premium,910,1300,high,low,3,namecheap,,,24/09/2026 17:38
0f682821-5f9d-4f66-a917-f77f8e57bc13,mingy.lifestyle,premium,91,130,medium,low,5,namecheap,,,24/08/2026 23:43
7696a9cc-3a06-4d02-83d4-15d43f04e653,unbeknown.lifestyle,available,1.8,48.98,medium,low,9,namecheap,,,12/09/2026 01:47
be4b3cf6-3a79-4e42-89c6-e5abfb2b3f37,mercury.lifestyle,premium,1820,2600,high,medium,7,namecheap,,,09/09/2026 08:45
403448e6-991b-4dd5-921c-ed911f6e29db,hydrated.lifestyle,available,1.8,48.98,high,low,8,namecheap,,,21/08/2026 16:16
fb0ca639-3bb3-4d5e-b957-4c410e6e61f8,leafless.lifestyle,available,1.8,48.98,medium,low,8,namecheap,,,22/08/2026 21:56
402d26e5-3d16-4d6e-a1db-c88b59aea6e8,ambuscade.lifestyle,available,1.8,48.98,medium,low,9,namecheap,,,24/08/2026 12:31
98563b25-2202-458a-a428-000fbe03c18f,outboard.lifestyle,available,1.8,48.98,high,low,8,namecheap,,,04/09/2026 18:55
3b2acf37-7ca5-4333-81ef-a998b556da51,audacity.lifestyle,available,5.49,39.99,high,low,8,namesilo,,,21/09/2026 02:47
8f5d6993-fbfc-487c-8f07-0836c9daecea,ripple.lifestyle,premium,455,650,high,low,6,namecheap,,,12/09/2026 08:34
8ee92692-7664-46a4-90fe-1f706481e2e0,humiliated.lifestyle,available,1.8,48.98,medium,low,10,namecheap,,,21/08/2026 15:03
f5f8c6fe-ef2d-475e-99dd-eaa274d68a9c,andes.lifestyle,premium,116,116,high,low,5,namesilo,,,19/09/2026 04:04
156e8b1c-276b-4898-926c-3ed22e9218ba,ruffle.lifestyle,available,1.8,48.98,high,low,6,namecheap,,,11/09/2026 05:07
212ed4b0-96e7-4340-9038-2848feb543d7,eureka.lifestyle,premium,91,130,high,medium,6,namecheap,,,24/09/2026 17:33
bbf8339a-4048-4546-8291-84d8d7e9face,aeronautic.lifestyle,available,1.8,48.98,high,low,10,namecheap,,,
7dff2402-b498-4f92-8787-c259be8b0279,bidet.lifestyle,premium,116,116,high,low,5,namesilo,,,23/09/2026 13:46
60a2be66-c66b-44cb-9801-e5cbad290db7,rapturous.lifestyle,available,1.8,48.98,high,low,9,namecheap,,,14/08/2026 23:48
4c317f8c-dd07-4c85-a663-0b4f9e407db6,author.lifestyle,premium,640,640,high,low,6,namesilo,,,21/09/2026 05:09
77aadc9e-aa9c-4068-b7e9-d04a969af1d6,braided.lifestyle,available,1.8,48.98,high,low,7,namecheap,,,11/08/2026 01:28
bcce4605-3838-4ffa-92df-9fcf00493f3e,imbecile.lifestyle,available,1.8,48.98,medium,low,8,namecheap,,,21/08/2026 20:22
b8e4591f-57fc-4454-9943-df3bc29dc5ca,donkeywork.lifestyle,available,1.8,48.98,medium,low,10,namecheap,,,08/09/2026 21:22
79528668-6f76-45b8-bf9a-5ce34af21b02,arcsin.lifestyle,available,5.49,39.99,medium,low,6,namesilo,,,20/09/2026 01:26
8da933e4-8b8c-41cd-a97d-826c40d0ea6c,nautical.lifestyle,available,1.8,48.98,high,low,8,namecheap,,,24/08/2026 15:58
7f7d668d-6053-430c-93b9-b129d254ebc9,syncretic.lifestyle,available,1.8,48.98,high,low,9,namecheap,,,11/09/2026 06:21
74a508f2-d97d-47c5-857d-a4962b505ef3,raiser.lifestyle,available,1.8,48.98,medium,low,6,namecheap,,,17/09/2026 19:22
db4ace86-0661-4ff2-a4c5-a1cf9774b4a1,radar.lifestyle,premium,98,140,high,low,5,namecheap,,,
37c5b69f-8684-4cdb-a990-976f75bd32e4,contrite.lifestyle,available,1.8,48.98,high,low,8,namecheap,,,12/08/2026 23:34
32d23f0d-3398-4f4b-a273-9e6701a6d537,fought.lifestyle,available,5.49,39.99,medium,low,6,namesilo,,,
cf1f037e-f196-4e91-8472-95162af22ff8,trials.lifestyle,available,5.49,39.99,medium,low,6,namesilo,,,18/09/2026 17:43
d081e8d0-95f2-436d-960f-2bf00ef6569f,advertizer.lifestyle,available,5.49,39.99,medium,low,10,namesilo,,,17/09/2026 08:39
e4e3cc5f-ac76-4190-ad8a-570d0f883ce9,chimerical.lifestyle,available,1.8,48.98,medium,low,10,namecheap,,,12/08/2026 05:38
18143b32-ca3c-4f5c-977c-625a1e58534b,agnes.lifestyle,available,5.49,39.99,high,low,5,namesilo,,,25/09/2026 14:30
6184db74-fec2-488c-8150-848dc104f946,crappy.lifestyle,available,1.8,48.98,medium,low,6,namecheap,,,13/08/2026 05:12
b6f143eb-842f-4240-baa7-5ee6ab0667f1,new.lifestyle,premium,640,640,high,medium,3,namesilo,,,24/09/2026 21:46
63124115-a5bc-4bf8-a6be-4952395835b8,unaged.lifestyle,available,1.8,48.98,high,low,6,namecheap,,,12/09/2026 00:11
44fb6f0e-aaa5-4224-a003-28fcce294086,patriotic.lifestyle,available,5.49,39.99,high,low,9,namesilo,,,
d6ff68ae-62d7-46da-a2f1-235daa68f173,malaysian.lifestyle,available,1.8,48.98,high,low,9,namecheap,,,24/08/2026 13:46
ad59f2fa-e9e2-4b96-9bee-9f8076a025b9,silvern.lifestyle,available,1.8,48.98,high,medium,7,namecheap,,,10/09/2026 08:13
b6d43357-6671-41ae-acc4-9b898b9496dc,footless.lifestyle,available,1.8,48.98,medium,low,8,namecheap,,,18/08/2026 10:45
b76083a5-ac31-4824-84e6-b43f8d9a5111,glory.lifestyle,premium,980,1400,high,low,5,namecheap,,,
cd399a2d-5bb4-46bd-8b0c-6507478eb0a7,megan.lifestyle,available,5.49,39.99,medium,low,5,namesilo,,,26/09/2026 03:31
eecf4f64-2548-4e30-973c-0bfd162b15fa,gel.lifestyle,premium,1107,1107,high,low,3,namesilo,,,24/09/2026 16:20
b17bf789-7cd6-4fa7-bedd-0fe6d7e4bc4c,weapon.lifestyle,available,5.49,39.99,high,low,6,namesilo,,,25/09/2026 10:57
01d0cd57-162a-48d9-8701-b8a61278ff47,shortfall.lifestyle,available,39.99,,high,low,9,name.com,,,
fe62497b-ed87-49d2-8792-a329eda5c9e2,tuna.lifestyle,premium,302.5,302.5,high,low,4,namesilo,,,19/09/2026 07:27
997982a8-77a9-4364-8899-92181967f2b9,appalachia.lifestyle,available,5.49,39.99,medium,low,10,namesilo,,,19/09/2026 19:44
4e1737fe-ab4f-4f89-9ed7-7a13b0ba1d1d,hays.lifestyle,premium,640,640,medium,low,4,namesilo,,,20/09/2026 10:51
5323f5be-be28-4895-9a83-2d59fd8db92a,returnable.lifestyle,available,1.8,48.98,high,low,10,namecheap,,,09/09/2026 15:55
2244fd34-7362-4a02-9c5b-30b6cfa7501f,regimented.lifestyle,available,1.8,48.98,high,medium,10,namecheap,,,09/09/2026 12:55
6f41faf1-9d6f-45e0-ba61-80be0711e99f,smoke.lifestyle,premium,98,140,high,low,5,namecheap,,,
26572879-f071-4d72-91c2-e62d3d2da622,revelatory.lifestyle,available,1.8,48.98,high,low,10,namecheap,,,06/08/2026 00:55
4e54b167-b8db-488d-9a4c-cb4c9d1b3a59,qatari.lifestyle,available,1.8,48.98,high,low,6,namecheap,,,22/08/2026 15:09
7ecb7048-dfcc-4bc3-85f7-e8fac2f3cb48,salable.lifestyle,available,1.8,48.98,high,medium,7,namecheap,,,09/09/2026 20:50
5eb145d7-1b40-4e16-bafa-206802f176b6,cyprinid.lifestyle,available,39.99,59.99,medium,low,8,name.com,,,13/08/2026 14:27
6e139579-a1ae-4e0a-a27d-8e70776ffa3c,interest.lifestyle,available,1.8,48.98,high,low,8,namecheap,,,08/09/2026 14:02
2f932bf5-5c99-42c9-98ff-3d8a846e0053,sneezy.lifestyle,available,1.8,48.98,high,medium,6,namecheap,,,10/09/2026 12:34
cf484459-b178-422b-a756-ef16b1455a4f,aperture.lifestyle,premium,640,640,high,low,8,namesilo,,,19/09/2026 16:35
0d332b1d-6e1f-40e8-a8cd-29757c844f2c,through.lifestyle,available,1.8,48.98,high,low,7,namecheap,,,24/09/2026 11:40
01ad516e-916c-4dfb-bb4c-50a7fac5cf9c,stairs.lifestyle,available,5.49,39.99,high,low,6,namesilo,,,
929190ec-547b-469b-823c-9fea6adf7fc7,angioma.lifestyle,available,1.8,48.98,medium,low,7,namecheap,,,19/09/2026 06:14
17e25385-ceb3-49bf-9b9c-16f9a7970b7a,building.lifestyle,available,5.49,39.99,high,low,8,namesilo,,,
d9dfa38d-ea81-4951-b14f-b85809eb659d,motion.lifestyle,available,5.49,39.99,high,low,6,namesilo,,,25/09/2026 12:13
a28c733b-c31a-4bd8-aae8-c6bb2a0735be,ictic.lifestyle,premium,91,130,low,low,5,namecheap,,,21/08/2026 17:53
951b93de-cfe7-4102-b5df-505cd4a6decc,garcia.lifestyle,available,1.8,48.98,high,low,6,namecheap,,,25/09/2026 20:50
670da4e3-402f-4d62-a348-eeaada55e60f,inpatient.lifestyle,available,5.49,39.99,high,low,10,namesilo,,,20/09/2026 21:46
1e26d3d9-aa93-4929-912d-e1f434ac659c,notice.lifestyle,available,1.8,48.98,high,low,6,namecheap,,,24/09/2026 16:29
bca237e2-7118-43e3-bed2-e63f58bbdfd7,wednesday.lifestyle,available,1.8,48.98,high,low,9,namecheap,,,13/09/2026 09:32
f2aa20fe-98e2-404e-a45e-8431a4927904,serb.lifestyle,premium,227.5,325,high,low,4,namecheap,,,10/09/2026 04:35
33cdef95-d8f4-4355-8d14-8646f0674a0b,pennies.lifestyle,available,5.49,39.99,medium,low,7,namesilo,,,
182f2d61-835a-4485-8d40-a7cd96f89478,hello.lifestyle,premium,910,1300,high,high,5,namecheap,,,25/09/2026 07:33
67a80ba3-3257-45ec-8b66-e980775ab585,structurally.lifestyle,available,1.8,48.98,medium,low,12,namecheap,,,17/09/2026 20:10
50dd80a3-c733-4938-8eb2-8d8568cf842b,alternative.lifestyle,premium,2660,2660,high,low,11,namesilo,,,26/09/2026 00:42
a6ac5fab-f97f-4dcf-8c0f-719ad33ccd27,handled.lifestyle,available,1.8,48.98,high,low,7,namecheap,,,20/08/2026 23:28
e28bc475-0bbd-42c1-9655-314848479968,covert.lifestyle,available,5.49,39.99,high,low,6,namesilo,,,24/09/2026 00:53
7140e881-33fe-4dd9-9095-96b24b1c3499,godfrey.lifestyle,available,1.8,48.98,high,low,7,namecheap,,,25/09/2026 18:26
76eb91c3-fc15-41eb-a6b6-d758c7e3e11f,fence.lifestyle,premium,98,140,high,low,5,namecheap,,,
4861cd44-61d3-4ee5-9c3e-db7d0dcae41b,beatable.lifestyle,available,1.8,48.98,medium,low,8,namecheap,,,09/08/2026 05:37
f415ede6-c115-4bb3-afce-891c2a2bc5ab,labeled.lifestyle,available,1.8,48.98,high,low,7,namecheap,,,22/08/2026 17:13
d914b0d1-2983-4219-b83f-7cce8f7299ea,lentils.lifestyle,available,5.49,39.99,medium,low,7,namesilo,,,21/09/2026 05:31
f6a255a0-1995-435c-8362-5a53738b5fc3,arced.lifestyle,premium,91,130,medium,low,5,namecheap,,,06/08/2026 14:28
b21399c2-1409-477f-b53c-a38111c9fc61,dentistry.lifestyle,available,1.8,48.98,high,low,9,namecheap,,,24/09/2026 21:55
c1a2b991-fc63-40d9-8c4f-b30f843a140d,carob.lifestyle,premium,116,116,high,low,5,namesilo,,,18/09/2026 06:50
bddd2860-a8e4-4738-b11e-548631669aa4,lingually.lifestyle,available,1.8,48.98,medium,low,9,namecheap,,,15/09/2026 12:28
80eee6f8-8495-425a-9f88-092b0bc5cce7,astronomy.lifestyle,available,39.99,59.99,high,low,9,name.com,,,20/09/2026 18:10
64caaeab-c61e-4cb8-821b-3aec115f85d0,antithesis.lifestyle,available,5.49,39.99,medium,low,10,namesilo,,,19/09/2026 15:11
e14ffca8-e954-426b-8d5d-8c79b0c1db2c,easy.lifestyle,premium,302.5,302.5,high,high,4,namesilo,,,25/09/2026 14:34
4e92561a-00d5-4ecd-8b71-6acd25f37802,hancock.lifestyle,premium,116,116,high,low,7,namesilo,,,25/09/2026 06:51
03f2aa97-141c-4fcb-ae36-6b8808c7e261,allotment.lifestyle,available,5.49,39.99,high,low,9,namesilo,,,18/09/2026 11:46
686911bb-ef6d-4b56-99dc-13e8c4e6523c,unwise.lifestyle,available,1.8,48.98,medium,low,6,namecheap,,,12/09/2026 22:42
cb77e8d0-3a2f-441a-bd00-4083c4ac93a8,markets.lifestyle,premium,640,640,high,low,7,namesilo,,,23/09/2026 06:42
3bd7cef2-7e25-4a5d-83fa-0430faef07a9,ninefold.lifestyle,available,1.8,48.98,medium,low,8,namecheap,,,03/09/2026 17:31
1d31d412-ffb5-422f-85e2-cee14d2d9245,cholera.lifestyle,available,5.49,39.99,medium,low,7,namesilo,,,20/09/2026 14:08
5a48f406-54a7-458d-a600-3f4f77102566,apolitical.lifestyle,available,1.8,48.98,high,low,10,namecheap,,,06/08/2026 02:02
816a9c05-7a00-49fa-9c9b-11317826a4c4,normality.lifestyle,available,5.49,39.99,high,low,9,namesilo,,,
f0f18d54-4215-430f-abc3-4400a306a7df,barkeep.lifestyle,available,5.49,39.99,high,low,7,namesilo,,,22/09/2026 06:22
ec200e1e-36df-42cf-a44e-aa68c9779dd8,umpteenth.lifestyle,available,1.8,48.98,medium,low,9,namecheap,,,11/09/2026 23:09
f134d8f1-0354-4201-b281-f7f1a0dd2d5e,recurved.lifestyle,available,1.8,48.98,high,medium,8,namecheap,,,09/09/2026 12:06
cd73c3e2-3e09-4cb6-8521-aa513b5c4da1,refresh.lifestyle,premium,980,1400,high,low,7,namecheap,,,
e71f8515-9b24-45c4-a788-4e8ac0122ced,merry.lifestyle,available,1.8,48.98,high,low,5,namecheap,,,11/08/2026 04:28
bb836661-e343-4e35-a04d-1b89f7614d9c,despite.lifestyle,available,5.49,39.99,high,low,7,namesilo,,,
31dc107c-cc49-4640-bb30-ee3cd9b6a4f1,tehran.lifestyle,premium,625,625,high,low,6,name.com,,,25/09/2026 22:03
8a592c21-b106-412a-8104-87775bd68fd7,dreamlike.lifestyle,available,1.8,48.98,high,low,9,namecheap,,,14/08/2026 18:45
6e2d63b5-4f36-4e3b-87f6-71eaf44b8892,rapacity.lifestyle,available,1.8,48.98,medium,low,8,namecheap,,,21/09/2026 08:45
9c09bf63-ef57-438a-a5f9-c7f11a9a59b4,lodge.lifestyle,premium,98,140,high,low,5,namecheap,,,
dc6bd788-d35c-4221-9430-d4392b28cf1a,dedication.lifestyle,available,5.49,39.99,high,low,10,namesilo,,,18/09/2026 10:32
c1e36718-9583-43d1-b993-5e2d4c91cc98,rainy.lifestyle,premium,91,130,high,medium,5,namecheap,,,09/09/2026 09:50
51e2f782-0f37-442a-ab12-fc40dc5b082a,obsequious.lifestyle,available,1.8,48.98,medium,low,10,namecheap,,,10/08/2026 19:44
acd86b76-fbec-434d-8bc7-fb3b8edd87cb,bald.lifestyle,premium,910,1300,high,low,4,namecheap,,,08/08/2026 09:16
692faa57-2b6c-4ff2-9acc-bb029573f3cb,clxxx.lifestyle,available,1.8,48.98,medium,low,5,namecheap,,,
b7fd4848-e778-4be6-850f-1f762a1d356c,unsightly.lifestyle,available,1.8,48.98,medium,low,9,namecheap,,,12/09/2026 19:53
bf3b6f2c-75ab-46d8-b0e4-813040a9aaf0,postmortem.lifestyle,available,1.8,48.98,high,low,10,namecheap,,,09/09/2026 00:31
4448615d-75d1-44b5-aa40-507e8e93944f,appleton.lifestyle,premium,455,650,medium,low,8,namecheap,,,19/09/2026 21:41
925e35d8-9b58-4bbf-828c-8eafeb28e148,vigor.lifestyle,premium,98,140,high,low,5,namecheap,,,
e6b7c133-01cd-46ef-9713-dd740c52d828,slide.lifestyle,premium,98,140,high,low,5,namecheap,,,
dcae38d0-9250-40e3-95e2-809a494de1ed,asea.lifestyle,premium,227.5,325,high,low,4,namecheap,,,10/09/2026 01:04
c1c330e9-0d76-4008-a7e8-47d758148226,prefrontal.lifestyle,available,1.8,48.98,high,medium,10,namecheap,,,09/09/2026 01:37
1fa2efc8-b16a-4ce4-b15d-5accd84088db,rale.lifestyle,premium,227.5,325,high,medium,4,namecheap,,,09/09/2026 10:37
4ed048f6-38d4-4626-8273-9a6236e58a62,snippet.lifestyle,available,5.49,39.99,high,low,7,namesilo,,,
84fdbac0-eec6-4b2f-b06a-600ec46214fe,facility.lifestyle,available,5.49,39.99,high,low,8,namesilo,,,
7bd42094-84a8-4616-8cba-69b69266e8f5,preanal.lifestyle,available,1.8,48.98,high,medium,7,namecheap,,,09/09/2026 01:09
11e68361-a4dd-493d-a131-f8725d6b634a,successive.lifestyle,available,1.8,48.98,high,low,10,namecheap,,,10/09/2026 04:29
0ac53197-c4bc-4b79-a177-cf585e682c48,filthy.lifestyle,available,1.8,48.98,high,low,6,namecheap,,,13/08/2026 08:46
122298f4-cf20-466a-b8be-04690fc1223a,spaciously.lifestyle,available,1.8,48.98,high,low,10,namecheap,,,16/09/2026 00:04
f6bba393-1a31-45d0-9e37-c69e8fa2912c,sir.lifestyle,premium,910,1300,high,low,3,namecheap,,,26/09/2026 00:18
a86d4af7-52d4-4306-b526-f3555784937e,ubiquitous.lifestyle,available,1.8,48.98,high,low,10,namecheap,,,04/09/2026 13:54
aa187d86-8522-46a1-860a-58b7cf5270a6,food.lifestyle,premium,2660,2660,high,medium,4,namesilo,,,25/09/2026 08:53
276ca1c4-adf6-4281-961d-ebc9b9a15d1a,boat.lifestyle,premium,245,350,high,low,4,namecheap,,,
ada97306-6a3d-4cbd-a966-f80db3f7a128,styptic.lifestyle,available,1.8,48.98,medium,low,7,namecheap,,,07/08/2026 10:00
382d6e25-ca86-482e-b0db-f9a8a6578562,bathymetry.lifestyle,available,5.49,39.99,medium,low,10,namesilo,,,22/09/2026 13:55
0e7d91ac-7587-4ba8-ab07-e77e36b158fa,ayurveda.lifestyle,available,39.99,59.99,high,low,8,name.com,,,21/09/2026 10:52
ba2447b2-8d38-4d99-bf1b-f09bddb28608,chanukah.lifestyle,available,5.49,39.99,high,low,8,namesilo,,,
58eb0ecd-dad8-4978-91fa-fad69d09afdf,observing.lifestyle,available,1.8,48.98,high,low,9,namecheap,,,04/09/2026 00:01
225dbbc1-3db7-46ea-b0ad-c928d3b075fd,acedia.lifestyle,available,5.49,39.99,medium,low,6,namesilo,,,16/09/2026 23:26
26047186-d080-44b9-a092-1c746bae8c08,barbican.lifestyle,premium,640,640,medium,low,8,namesilo,,,22/09/2026 04:18
8c992666-31b8-4a80-833c-1c0f85e0a44f,children.lifestyle,available,5.49,39.99,high,low,8,namesilo,,,
dc5dfed5-0e90-424a-a8f7-85d929312538,nauseous.lifestyle,available,1.8,48.98,medium,low,8,namecheap,,,24/08/2026 08:24
7d262dcc-20a5-465c-a039-70f97c465c11,quantity.lifestyle,available,5.49,39.99,high,low,8,namesilo,,,
46b22d87-c299-4398-9ce8-4fe26b6eb2f9,tribal.lifestyle,premium,455,650,high,low,6,namecheap,,,11/09/2026 19:22
3291891e-f927-470a-a769-214ad3616994,swot.lifestyle,premium,227.5,325,high,low,4,namecheap,,,10/08/2026 18:21
4bf107e7-40e0-4c90-8696-a9a50656cd27,niece.lifestyle,premium,98,140,high,low,5,namecheap,,,
26d2972d-91d1-48dc-9ac7-d838c0a87f93,creditors.lifestyle,available,5.49,39.99,medium,low,9,namesilo,,,20/09/2026 15:31
7fd8568c-46b5-4e90-9efe-cb039326044e,advertises.lifestyle,available,5.49,39.99,medium,low,10,namesilo,,,18/09/2026 17:19
1866af0a-c833-413b-9fbb-413ffa08e7c3,cager.lifestyle,premium,125,125,medium,low,5,name.com,,,22/09/2026 11:27
268d793d-ad24-4c8a-9406-6a727a378c18,inception.lifestyle,premium,980,1400,high,low,9,namecheap,,,
4963e3b9-7c90-40d8-8778-ac597d2a1cbc,bakery.lifestyle,available,5.49,39.99,high,low,6,namesilo,,,25/09/2026 04:12
4b0590d6-e0f3-462e-9afc-28d0f1091632,wire.lifestyle,premium,245,350,high,low,4,namecheap,,,
156d2ea8-c570-48de-85a7-764188b03076,belladonna.lifestyle,available,5.49,39.99,high,low,10,namesilo,,,21/09/2026 00:55
966aee89-0bcf-4de4-b7bf-03f60cae9f2b,deflated.lifestyle,available,1.8,48.98,medium,low,8,namecheap,,,12/08/2026 02:17
c558eaa5-bbe2-40e9-b99d-6139d0dc74b0,spreadsheet.lifestyle,available,5.49,39.99,high,low,11,namesilo,,,
5fd8bd62-d6f6-4f2a-95ea-1f61d2db5dba,nettled.lifestyle,available,1.8,48.98,medium,low,7,namecheap,,,
e8d9471d-5f70-4461-8296-af44387e1f1c,obliging.lifestyle,available,1.8,48.98,high,low,8,namecheap,,,12/08/2026 19:27
f7cdeae6-2b4b-4d87-a66f-4a3231015749,immortal.lifestyle,available,1.8,48.98,high,low,8,namecheap,,,21/08/2026 21:12
7a3523e6-d6ad-4d21-9cdf-72c533995cb8,songbird.lifestyle,available,5.49,39.99,high,low,8,namesilo,,,
06fe9366-ec15-4eca-881c-163850e2cb6b,bureaucrat.lifestyle,available,5.49,39.99,high,low,10,namesilo,,,17/09/2026 08:44
7390c3ed-2d5b-401b-9d84-5626e2127c01,establishment.lifestyle,available,39.99,,high,low,13,name.com,,,
8895a8c8-f7dc-4aec-963d-38bca7ecff34,curfew.lifestyle,available,1.8,48.98,high,low,6,namecheap,,,24/09/2026 20:27
424a3a2d-7ca3-4587-8614-64bf6c308f05,answer.lifestyle,premium,980,1400,high,low,6,namecheap,,,
e5876c2e-f2b6-42ec-b62d-26bbee49c398,accessories.lifestyle,available,5.49,39.99,medium,low,11,namesilo,,,25/09/2026 02:50
f1a3738d-7995-41a0-b609-c151df3639dc,adventism.lifestyle,available,5.49,39.99,medium,low,9,namesilo,,,17/09/2026 10:32
06b8745c-d678-4b29-a148-0f9684947a8c,emily.lifestyle,available,5.49,39.99,high,medium,5,namesilo,,,25/09/2026 14:07
e3b0b700-b2bf-4990-9a42-957e142361c6,incidence.lifestyle,available,5.49,39.99,high,low,9,namesilo,,,
9de89ea3-d584-4081-90bc-930460683939,algorism.lifestyle,available,5.49,39.99,medium,low,8,namesilo,,,18/09/2026 07:14
9098ef02-3417-4331-83ba-c711f14f22ae,thrilling.lifestyle,available,1.8,48.98,high,low,9,namecheap,,,16/08/2026 02:41
a5cfc06f-e2b5-4f70-b533-b902f1400729,definable.lifestyle,available,1.8,48.98,high,low,9,namecheap,,,13/08/2026 23:28
b0de271a-5bbe-486d-ae82-86efef61971b,bilimbi.lifestyle,available,1.8,48.98,medium,low,7,namecheap,,,21/09/2026 09:13
72314fb5-6968-4d3f-a333-8261ca988c92,barye.lifestyle,premium,116,116,medium,low,5,namesilo,,,22/09/2026 03:48
7be5568e-82a6-45d4-8989-3cc7e4cc8204,excellent.lifestyle,available,5.49,39.99,high,low,9,namesilo,,,24/09/2026 15:50
582daf23-c0e8-4ab1-8aca-41c4ea18a5d7,unary.lifestyle,premium,91,130,medium,low,5,namecheap,,,12/09/2026 01:06
eb87274b-2c85-4f7c-8ada-3ff39ca706c5,affects.lifestyle,available,5.49,39.99,medium,low,7,namesilo,,,20/09/2026 03:57
dfbebab7-ae68-43c7-9f63-18b22f2f53a2,deferent.lifestyle,available,1.8,48.98,medium,low,8,namecheap,,,13/08/2026 23:17
3e832e06-efcd-4b3e-bc31-576c9849c23e,vendible.lifestyle,available,1.8,48.98,medium,low,8,namecheap,,,24/08/2026 20:32
6cadd068-660a-4f90-bbc7-030556fc4278,godly.lifestyle,premium,91,130,high,low,5,namecheap,,,14/08/2026 13:55
df64ae50-69a6-46ad-83f2-da2725fef6ee,japanese.lifestyle,premium,1820,2600,high,low,8,namecheap,,,22/08/2026 12:22
7df7fe75-fa9e-4872-9560-09f986859099,merchandise.lifestyle,available,5.49,39.99,high,low,11,namesilo,,,25/09/2026 14:54
ddd1f8e6-287a-49b4-a217-5f16a6b7a6c9,bipolar.lifestyle,available,1.8,48.98,high,low,7,namecheap,,,10/08/2026 05:30
8dd0ef34-06b9-44bb-8e64-515719805273,observation.lifestyle,available,5.49,39.99,high,low,11,namesilo,,,26/09/2026 00:49
9b961ab0-b48f-4446-ade6-c4b1bcc07347,untied.lifestyle,available,1.8,48.98,high,low,6,namecheap,,,12/09/2026 05:00
69ad80a2-dfe0-449c-a1ee-2b7abafbac5b,aberdeen.lifestyle,available,5.49,39.99,high,low,8,namesilo,,,16/09/2026 15:10
697c3f16-7ba6-4698-a570-1a42683f06a6,phoenix.lifestyle,premium,455,650,high,medium,7,namecheap,,,24/09/2026 12:16
caf24a8b-938f-47d2-8f0e-6d8fd2f9d63f,tools.lifestyle,premium,640,640,high,medium,5,namesilo,,,17/09/2026 15:46
b5b49202-f375-4949-8be4-d912c3ee534a,deletion.lifestyle,available,1.8,48.98,high,low,8,namecheap,,,24/09/2026 21:34
00f5b71d-c084-49a0-bfff-b1e9a47d2661,rimed.lifestyle,premium,91,130,medium,low,5,namecheap,,,09/09/2026 17:39
8558eb51-03ea-4df3-ad77-2d67fc60fa80,constant.lifestyle,available,1.8,48.98,high,low,8,namecheap,,,11/08/2026 23:02
0b124140-eb5e-4b78-b97c-fb18cbfe66ad,necessities.lifestyle,available,5.49,39.99,high,low,11,namesilo,,,
6439b833-507b-430f-bd0a-91bb74cda7d7,barany.lifestyle,available,5.49,39.99,medium,low,6,namesilo,,,22/09/2026 04:13
22ee1c37-e2da-4bab-a65b-5ad21279f1bb,eonian.lifestyle,available,1.8,48.98,medium,low,6,namecheap,,,
e79ecf32-e9d9-4f93-9b6c-0fbeb86da1f6,creates.lifestyle,available,5.49,39.99,high,low,7,namesilo,,,25/09/2026 23:26
b6bca425-671d-4608-8d93-e4e632c2fd26,decision.lifestyle,available,5.49,39.99,high,low,8,namesilo,,,24/09/2026 17:06
41c6b392-f648-4c92-9d24-c86019803725,gill.lifestyle,premium,302.5,302.5,high,low,4,namesilo,,,24/09/2026 08:09
0e4a67ea-6d90-4281-b73a-2e5f818862ab,abysmal.lifestyle,available,1.8,48.98,medium,low,7,namecheap,,,
5cb35945-aaae-43eb-b5bb-ba645bcde5da,marketing.lifestyle,premium,1820,2600,high,medium,9,namecheap,,,23/09/2026 16:46
5c574cd7-1830-45f9-9033-42f26b75e9cc,loyal.lifestyle,premium,116,116,high,low,5,namesilo,,,25/09/2026 15:30
204559ab-7f5f-4c21-a8c7-6cb6a05ae4bd,perhaps.lifestyle,available,39.99,,high,low,7,name.com,,,
5ad73f49-7b7b-4aaa-b100-9412e917dbc3,matai.lifestyle,premium,116,116,high,low,5,namesilo,,,24/09/2026 01:23
1f4b9f9f-3431-4865-87ed-259b259ce830,aden.lifestyle,premium,125,125,medium,low,4,name.com,,,17/09/2026 07:22
87ab42f2-4cc2-4ddb-958b-fb75c14b1f0d,backchat.lifestyle,available,5.49,39.99,medium,low,8,namesilo,,,21/09/2026 15:20
3f70b26c-f9c6-41ff-9fda-3182b1f606e1,animal.lifestyle,premium,455,650,high,low,6,namecheap,,,08/09/2026 11:39
eccfc977-ded3-4b23-80a8-1ea7a022af3e,allowance.lifestyle,available,5.49,39.99,high,low,9,namesilo,,,
9694eace-4ab8-426d-956e-7716f7321f79,compactly.lifestyle,available,1.8,48.98,medium,low,9,namecheap,,,14/09/2026 07:35
c415f086-7df2-46df-93eb-5df3f6f012e9,unhurried.lifestyle,available,1.8,48.98,high,low,9,namecheap,,,12/09/2026 12:39
dcf4abb6-cd10-4c78-aa2d-e8580848275a,beach.lifestyle,premium,1960,2800,high,low,5,namecheap,,,
0dcbe22f-4a10-40c3-b52d-b65e361da256,estimating.lifestyle,available,5.49,39.99,medium,low,10,namesilo,,,
6cb02e05-5bd3-4f88-bbef-29c562d4b9a3,trained.lifestyle,available,5.49,39.99,high,low,7,namesilo,,,
91471cc8-0778-4e21-948b-1bced0c4364d,threat.lifestyle,premium,980,1400,high,low,6,namecheap,,,
0faea5a7-425d-454d-b024-3712a1430b2c,omnipotent.lifestyle,available,1.8,48.98,high,low,10,namecheap,,,
1568c401-a015-4c56-a8a8-2170d0d69d82,axial.lifestyle,premium,91,130,high,low,5,namecheap,,,22/09/2026 15:33
d1326d82-d4e7-4aea-b06d-c23e189182f2,dosed.lifestyle,premium,91,130,medium,low,5,namecheap,,,14/08/2026 16:24
97cf0729-1958-4152-b222-79dace2f6f91,knower.lifestyle,available,5.49,39.99,medium,low,6,namesilo,,,19/09/2026 22:14
5f861eef-ffb9-470a-99f5-1b36f716c997,redress.lifestyle,available,1.8,48.98,high,low,7,namecheap,,,09/09/2026 17:27
90223c80-f483-4d00-8fc3-bb8d6ca5f5c8,zaftig.lifestyle,available,1.8,48.98,high,low,6,namecheap,,,13/09/2026 14:56
3422a500-141b-4e08-8b28-8c08fda55377,lip.lifestyle,premium,980,1400,high,low,3,namecheap,,,
93ba6822-3757-40e5-a6f9-8b5ea9156fb3,ripely.lifestyle,available,1.8,48.98,medium,low,6,namecheap,,,15/09/2026 23:48
db3597c5-f68c-41da-9966-4381436fb282,extropic.lifestyle,available,1.8,48.98,medium,low,8,namecheap,,,17/08/2026 19:38
5ed61ac1-e4e0-43e4-9f2f-98c47bce0504,atomism.lifestyle,available,5.49,39.99,medium,low,7,namesilo,,,21/09/2026 00:24
40fbf3ec-0a06-4298-8063-c5b8aac291a6,abomasum.lifestyle,available,5.49,39.99,medium,low,8,namesilo,,,16/09/2026 16:29
527bcf22-77ae-4174-8f9e-3587b5462491,amygdala.lifestyle,available,1.8,48.98,high,low,8,namecheap,,,19/09/2026 00:23
cb601785-3323-48f4-a8de-33a4ff653fac,grandkids.lifestyle,available,5.49,39.99,medium,low,9,namesilo,,,19/09/2026 23:28
e9e7b298-568f-48db-bb14-6e2f8abc491e,joewood.lifestyle,available,5.49,39.99,medium,low,7,namesilo,,,22/09/2026 04:36
7d95b8aa-c4b2-494f-adfd-55b9b3719285,stubbornly.lifestyle,available,1.8,48.98,medium,low,10,namecheap,,,14/09/2026 10:12
5c899c0d-3931-4acb-9e52-05156bbc68cd,indelibly.lifestyle,available,1.8,48.98,medium,low,9,namecheap,,,15/09/2026 07:53
e4a7e709-39e7-4ba9-ae3d-c4f04d0c7e99,baedeker.lifestyle,available,1.8,48.98,high,low,8,namecheap,,,21/09/2026 17:22
62bed3b3-fbe8-41b6-8495-51631f374e96,hiatus.lifestyle,available,5.49,39.99,high,low,6,namesilo,,,16/09/2026 14:09
0929801b-a3e6-45bb-8d6b-52bdc573686c,bagnio.lifestyle,available,1.8,48.98,medium,low,6,namecheap,,,21/09/2026 18:19
e00ebf56-5513-4a70-b3a5-9d9791a5b6bc,telepathic.lifestyle,available,1.8,48.98,high,low,10,namecheap,,,11/09/2026 10:18
8f2d175f-84c1-4031-9dfe-3dc3205f1f4e,avionic.lifestyle,available,1.8,48.98,medium,low,7,namecheap,,,07/08/2026 23:35
a0ed081b-ec25-4d53-9571-fb82b1c8874e,tang.lifestyle,premium,302.5,302.5,high,low,4,namesilo,,,24/09/2026 01:32
dd6b7903-9ab2-4f7f-a4ac-816b5df23bdf,attend.lifestyle,available,5.49,39.99,high,low,6,namesilo,,,
c9a0a28d-9403-482b-ba08-2ef0debd1d6d,bert.lifestyle,premium,302.5,302.5,high,low,4,namesilo,,,25/09/2026 14:48
e22800e2-04b6-4ce4-abe4-3fb137bddd80,chubby.lifestyle,available,1.8,48.98,high,low,6,namecheap,,,12/08/2026 07:31
a83b78fb-aeae-40bd-8343-3de3298cd4d6,maths.lifestyle,premium,98,140,high,low,5,namecheap,,,
c3497ffa-bcc3-4da1-baef-bf931bcc26da,upfield.lifestyle,available,1.8,48.98,medium,low,7,namecheap,,,12/09/2026 23:08
14fe3bac-ed26-4a3f-9170-02f45f396653,fate.lifestyle,premium,245,350,high,low,4,namecheap,,,
49b91da8-0528-4d6a-b97b-a70784137218,waning.lifestyle,available,1.8,48.98,medium,low,6,namecheap,,,13/09/2026 08:04
df1f83b1-f8a2-4eb4-a207-ac7da93a17c0,suicide.lifestyle,available,5.49,39.99,high,low,7,namesilo,,,25/09/2026 05:57
fb22af37-88ae-45e5-bf68-1ed85cd1fe2c,justices.lifestyle,available,1.8,48.98,medium,low,8,namecheap,,,20/09/2026 11:20
4fa53484-f350-45e6-a53d-14da6937f18e,unmannered.lifestyle,available,1.8,48.98,low,low,10,namecheap,,,08/08/2026 07:28
4a29faa0-1406-4e57-a0cf-6c93ed6a08c0,unsheathed.lifestyle,available,1.8,48.98,medium,low,10,namecheap,,,12/09/2026 19:47
30f9b78c-4f37-4b03-921f-5de10fed7803,anode.lifestyle,premium,116,116,high,low,5,namesilo,,,19/09/2026 11:14
8ab58972-2c35-47ed-add8-f626c3b9547c,sadly.lifestyle,premium,91,130,medium,low,5,namecheap,,,14/09/2026 11:52
587b8a7f-2d14-4ab8-b0d7-54dc16bd0e34,advisors.lifestyle,available,5.49,39.99,medium,low,8,namesilo,,,24/09/2026 14:22
2a501bfd-48c5-40e2-a630-441d6eb4ef5f,mould.lifestyle,premium,125,125,medium,low,5,name.com,,,24/09/2026 15:22
70d32e4a-1e6b-4986-b7d0-d446adbdc2dd,southwest.lifestyle,available,1.8,48.98,high,medium,9,namecheap,,,10/09/2026 14:57
0d6fa0cc-cd3b-4123-8430-eb4f3f9f36de,ballpoint.lifestyle,available,5.49,39.99,high,low,9,namesilo,,,21/09/2026 23:21
77b66b6e-3b05-45f4-9666-44e244cf95d3,protozoon.lifestyle,available,1.8,48.98,medium,low,9,namecheap,,,09/09/2026 04:16
eedf5b80-1f88-43c0-b6be-58bbb90a2fdb,granddaughter.lifestyle,available,5.49,39.99,high,low,13,namesilo,,,
e6d6f122-2c74-4984-967b-43155e2f26ce,subverter.lifestyle,available,1.8,48.98,medium,low,9,namecheap,,,09/09/2026 16:25
7da035aa-e317-4d48-88e6-1285610c65c5,filets.lifestyle,available,5.49,39.99,medium,low,6,namesilo,,,20/09/2026 11:33
ab65a331-5434-49f0-894f-8e2cddf964f3,throated.lifestyle,available,1.8,48.98,medium,low,8,namecheap,,,11/09/2026 14:39
83cf36d2-705b-44fe-9fa0-0ce005a3ca54,topologic.lifestyle,available,1.8,48.98,medium,low,9,namecheap,,,11/09/2026 17:52
9d634cdd-2faf-4c2b-94d9-a98401a0e881,sag.lifestyle,premium,490,700,high,low,3,namecheap,,,
abf87612-4d2b-430b-a9ff-6f98d975180d,thereafter.lifestyle,available,5.49,39.99,high,low,10,namesilo,,,16/09/2026 08:38
ae1fe90f-86c0-4723-a3c8-e7a81fefb361,overdressed.lifestyle,available,1.8,48.98,medium,low,12,namecheap,,,16/09/2026 17:42
b39ebe19-04b9-436d-9c58-36b2eaf4cbe8,subscribe.lifestyle,available,5.49,39.99,high,low,9,namesilo,,,
c0589eb2-7d1d-47df-b87c-874bba7acc83,acres.lifestyle,premium,91,130,high,low,5,namecheap,,,17/09/2026 02:56
3108e20e-c091-4e79-b9a5-f63a599de8cd,sandalled.lifestyle,available,1.8,48.98,high,medium,9,namecheap,,,09/09/2026 21:12
8706e363-f3e0-4baf-a2ea-b3a18195dade,freckled.lifestyle,available,1.8,48.98,medium,low,8,namecheap,,,18/08/2026 14:26
bc3d637a-6e93-4d9b-8bd7-811f182541f2,topmost.lifestyle,available,1.8,48.98,medium,low,7,namecheap,,,11/09/2026 17:46
fb45615a-bf2b-4d48-bc1e-ea12112f068d,filesize.lifestyle,available,5.49,39.99,medium,low,9,namesilo,,,
e23f88c4-a0a0-4826-9e9c-b7498ffaba94,beep.lifestyle,premium,302.5,302.5,high,low,4,namesilo,,,23/09/2026 01:26
d08b0069-938b-4e9a-ab57-1eb2d9e8a095,metallic.lifestyle,available,1.8,48.98,high,low,8,namecheap,,,24/08/2026 21:34
48f809da-6f1c-4879-851c-6bd0f59ac097,doomed.lifestyle,available,1.8,48.98,medium,low,6,namecheap,,,14/08/2026 15:57
dcf4e275-45ef-482d-be62-d19358027a15,meal.lifestyle,premium,227.5,325,high,low,4,namecheap,,,25/09/2026 09:17
d6c0f239-7632-49e6-8ae0-66bb003c18c2,himalayan.lifestyle,available,1.8,48.98,high,low,9,namecheap,,,21/08/2026 09:25
f18de66a-b166-4443-99a9-23fe72f738d0,stubby.lifestyle,available,1.8,48.98,high,low,6,namecheap,,,10/09/2026 22:56
ca8d0797-6551-45fa-a6f0-90c416779447,israeli.lifestyle,premium,1820,2600,high,low,7,namecheap,,,22/08/2026 11:32
bc1ca49b-8ba6-491a-bc36-6ba01eca8fa4,aquaphobia.lifestyle,available,5.49,39.99,medium,low,10,namesilo,,,19/09/2026 22:59
59f4dbc7-44ee-46bd-9941-4c3737c3b1b8,balk.lifestyle,premium,227.5,325,medium,low,4,namecheap,,,14/08/2026 04:55
18f75d16-a3e8-4b92-8df7-e6e4f5812dea,arranged.lifestyle,available,5.49,39.99,high,low,8,namesilo,,,22/09/2026 08:25
684d3692-c752-4b70-bdba-92740ca7afa3,hotcake.lifestyle,available,5.49,39.99,high,low,7,namesilo,,,22/09/2026 14:33
0e7490d6-6e8b-49ea-b85a-a439ee9400f1,ted.lifestyle,premium,980,1400,high,low,3,namecheap,,,
b884b65e-d635-4f66-a640-e44b3fd3ea02,costate.lifestyle,available,1.8,48.98,medium,low,7,namecheap,,,13/08/2026 03:06
0fa411e2-913d-490d-b452-d176f6adfa98,burnable.lifestyle,available,1.8,48.98,medium,low,8,namecheap,,,11/08/2026 10:44
c224f76d-d7af-407a-84ab-3723b360e214,unheard.lifestyle,available,1.8,48.98,medium,low,7,namecheap,,,12/09/2026 12:10
79c16bdd-65b9-4e9a-86c9-c944f8f2652b,shot.lifestyle,premium,227.5,325,high,low,4,namecheap,,,23/09/2026 13:53
597fa8b6-1ca0-40d5-ae5c-84e39ed38e56,wicked.lifestyle,premium,640,640,high,low,6,namesilo,,,24/09/2026 11:13
101236c6-c342-44f7-929b-5990c7dee8eb,brings.lifestyle,available,5.49,39.99,medium,low,6,namesilo,,,18/09/2026 15:15
d6e25b38-39d7-4ebe-a8a3-75a5db1653ca,physics.lifestyle,premium,640,640,high,low,7,namesilo,,,25/09/2026 23:49
8e5a2239-89a5-4526-80eb-9cf178edd559,distantly.lifestyle,available,1.8,48.98,medium,low,9,namecheap,,,14/09/2026 13:17
028861a8-27a3-4e7b-bb99-329ad5d23a4d,satisfied.lifestyle,available,5.49,39.99,high,low,9,namesilo,,,
5b932ac0-bd32-48f0-b566-3a4cb2970eca,arcadia.lifestyle,premium,640,640,high,medium,7,namesilo,,,20/09/2026 01:36
05dc11b1-ff79-4d86-b88e-c6f6aca483e2,mona.lifestyle,premium,302.5,302.5,high,low,4,namesilo,,,19/09/2026 06:28
4984d2af-9959-478a-a239-45a33ccc4f11,starvation.lifestyle,available,1.8,48.98,high,low,10,namecheap,,,10/09/2026 19:06
dedd62d3-4767-4133-aa23-853788adf171,jointly.lifestyle,available,5.49,39.99,high,low,7,namesilo,,,
44a26d6d-4ba1-46c6-91ad-ad473ca3b506,net.lifestyle,premium,1107,1107,high,medium,3,namesilo,,,25/09/2026 22:57
8b85d2db-d26f-4a79-a7ef-46b9e0b6bf21,nec.lifestyle,premium,640,640,high,medium,3,namesilo,,,25/09/2026 23:52
f57943f4-bd50-4faa-92a6-9848c5f262cd,atypical.lifestyle,available,1.8,48.98,high,low,8,namecheap,,,07/08/2026 16:06
94cb4bd0-624a-482f-99f6-857600f86d08,difference.lifestyle,available,5.49,39.99,high,low,10,namesilo,,,
f9e69ef8-e244-4b33-84ac-a6d3dbc5cd78,peeled.lifestyle,available,1.8,48.98,medium,low,6,namecheap,,,08/08/2026 18:24
2dc980dd-6c08-4cf8-91ad-e03fad73a320,amish.lifestyle,premium,91,130,high,low,5,namecheap,,,18/09/2026 21:52
5d7c31c8-c045-47ab-b6b4-7b2bd33a5cde,hands.lifestyle,premium,91,130,high,low,5,namecheap,,,08/09/2026 04:01
eafd9005-f071-4feb-8ded-978529f1ea0d,ascendent.lifestyle,available,1.8,48.98,medium,low,9,namecheap,,,
2abfa73b-db09-4d8e-bf6f-3f0b81de769c,swim.lifestyle,premium,245,350,high,low,4,namecheap,,,
4e1419d7-a77b-4c57-844e-3fef3af7f812,sideburns.lifestyle,available,5.49,39.99,high,low,9,namesilo,,,
f5b9f500-9e66-4dd3-87bc-96a6f664a8f7,acrimony.lifestyle,available,1.8,48.98,medium,low,8,namecheap,,,17/09/2026 03:09
eb16abc3-eab8-4e53-93ff-b0526d440917,acrophobia.lifestyle,available,5.49,39.99,medium,low,10,namesilo,,,17/09/2026 03:53
740f9512-a974-452d-94f7-1828e8280510,organ.lifestyle,premium,490,700,high,low,5,namecheap,,,
10549236-9212-4c29-bd71-5403f8e169bb,alta.lifestyle,premium,116,116,high,low,4,namesilo,,,25/09/2026 13:59
a477ebf9-cd78-4fb8-8648-11190b6ca0bd,longish.lifestyle,available,1.8,48.98,medium,low,7,namecheap,,,24/08/2026 09:40
3452fc82-6916-44b8-9450-5bf75d5245ab,lengthy.lifestyle,available,1.8,48.98,medium,low,7,namecheap,,,14/08/2026 18:32
6b545489-9f8e-47ba-b9af-4924456ba249,numerable.lifestyle,available,1.8,48.98,medium,low,9,namecheap,,,13/08/2026 03:32
fc78124f-68ac-4bc9-9fe6-f82e8481b490,terracotta.lifestyle,premium,455,650,high,low,11,namecheap,,,17/09/2026 09:12
d5373ca5-a4cc-4124-b3a0-44178fa55396,flood.lifestyle,available,5.49,39.99,high,low,5,namesilo,,,
295ea80a-6230-4724-a6b0-2067ddce1e72,brandy.lifestyle,premium,640,640,high,low,6,namesilo,,,24/09/2026 08:12
8e313e26-1b1c-4d18-8d2c-bed8df249bd6,withdrawal.lifestyle,available,5.49,39.99,high,low,10,namesilo,,,21/09/2026 15:22
bb474fa6-b87a-406d-bc72-bb7e7feade59,congratulations.lifestyle,available,39.99,,high,low,15,name.com,,,
5868eb3d-a008-43c1-9cec-56bc9d0239b9,sully.lifestyle,premium,91,130,medium,low,5,namecheap,,,24/08/2026 12:51
80600bd2-74f2-4f31-ab02-853b469445dc,parent.lifestyle,available,5.49,39.99,high,low,6,namesilo,,,
40969f60-93b4-4452-b1f9-06931906ae1b,planned.lifestyle,available,5.49,39.99,high,low,7,namesilo,,,21/09/2026 22:06
662601d2-9111-4784-b902-ccdb16883661,smudgy.lifestyle,available,1.8,48.98,high,medium,6,namecheap,,,10/09/2026 12:17
e0d6ad75-fedd-46ae-ab7d-4abc39872dc9,discourse.lifestyle,available,5.49,39.99,high,low,9,namesilo,,,23/09/2026 22:52
cae0d1d1-de56-4aef-948d-b16146e1199c,sang.lifestyle,premium,227.5,325,high,low,4,namecheap,,,18/09/2026 20:03
5bfaa270-7ab6-4884-b88b-e580187d482d,batiste.lifestyle,available,5.49,39.99,medium,low,7,namesilo,,,22/09/2026 14:05
51085e7d-a598-45d5-b270-6ec45ee33e9b,corked.lifestyle,available,1.8,48.98,medium,low,6,namecheap,,,13/08/2026 01:20
e6017df2-d393-4283-9433-ffe301768ed3,universities.lifestyle,available,5.49,39.99,medium,low,12,namesilo,,,23/09/2026 19:40
4f905f43-2fec-4ebe-843b-6f145a21e4e5,difficulties.lifestyle,available,1.8,48.98,high,low,12,namecheap,,,17/09/2026 21:37
82c13053-c14b-450c-a992-5b5140b9c94a,armeria.lifestyle,available,5.49,39.99,medium,low,7,namesilo,,,20/09/2026 06:43
5193e105-f167-4e3d-aa0c-4022bf12f85b,abc.lifestyle,premium,325,650,high,medium,3,namecheap,,,
24e31323-de02-4b16-b939-7c738a231bd4,schizoid.lifestyle,available,1.8,48.98,medium,low,8,namecheap,,,09/09/2026 23:09
43ba1106-e27b-417f-b536-b559c7cd09dc,teachers.lifestyle,available,1.8,48.98,high,low,8,namecheap,,,18/09/2026 18:31
62256008-2e3b-4da0-b8cd-a9d5bc9c5a08,chris.lifestyle,available,5.49,39.99,high,medium,5,namesilo,,,25/09/2026 17:18
e23370d2-78da-454d-b78f-3e5f37890a16,victor.lifestyle,premium,490,700,high,medium,6,namecheap,,,
0e7ca2b4-b85c-48e9-b015-0e7673f3978b,atrazine.lifestyle,available,5.49,39.99,medium,low,8,namesilo,,,21/09/2026 00:37
d996be23-1631-4a7b-b9e2-4f65013ab51e,smile.lifestyle,premium,98,140,high,medium,5,namecheap,,,
62cac234-f703-4d5c-8ab1-659f06315995,marco.lifestyle,available,5.49,39.99,high,low,5,namesilo,,,
b9d21080-19d3-4bd2-9070-886039ca1eb4,starch.lifestyle,available,1.8,48.98,high,low,6,namecheap,,,19/09/2026 00:32
b5759db7-6abe-4aa6-93d5-3594d66edca0,bercy.lifestyle,available,1.8,48.98,medium,low,5,namecheap,,,23/09/2026 09:16
88ec4f82-f8b7-46dc-b6bb-feaafa92201d,reducible.lifestyle,available,1.8,48.98,high,medium,9,namecheap,,,09/09/2026 12:24
1e60ea5c-357c-4215-a3d5-aa97aa3e6513,shooter.lifestyle,available,1.8,48.98,medium,low,7,namecheap,,,24/09/2026 19:04
f18f4ab5-1fbe-4879-b36a-b9ade34a29ee,heartbeat.lifestyle,available,1.8,48.98,high,low,9,namecheap,,,22/08/2026 07:28
95be2b43-da9a-4443-bccc-094df3814dff,abroach.lifestyle,available,1.8,48.98,medium,low,7,namecheap,,,
c03ce520-b126-430a-a912-e6150bbcea13,wentworth.lifestyle,available,1.8,48.98,high,low,9,namecheap,,,25/09/2026 21:47
61a91680-7461-47cf-ac55-ed36724983f9,wieldy.lifestyle,available,1.8,48.98,medium,low,6,namecheap,,,13/09/2026 11:52
19f73314-699d-42dd-b2f3-c6260d7d32f8,armory.lifestyle,available,5.49,39.99,high,low,6,namesilo,,,20/09/2026 07:31
1f6c2e18-1df7-49fb-bd39-78807b4df4c6,plutonian.lifestyle,available,1.8,48.98,medium,low,9,namecheap,,,20/08/2026 21:34
684d388f-b267-4aec-9229-4e507c831144,nada.lifestyle,premium,227.5,325,high,low,4,namecheap,,,03/09/2026 22:31
b2f5542c-52f9-4cfe-a3b7-2e8aba7b4520,violently.lifestyle,available,5.49,39.99,medium,low,9,namesilo,,,16/09/2026 11:00
dd2e52fe-b35a-46fd-a58e-03bf5b688e3b,humongous.lifestyle,available,1.8,48.98,medium,low,9,namecheap,,,08/08/2026 12:58
cdcb5b83-fa2e-43d3-b6f9-565b72b95d3e,brushing.lifestyle,available,5.49,39.99,high,low,8,namesilo,,,
58b31a7f-c897-4901-a1df-c3d2bce36fc3,niggle.lifestyle,available,5.49,39.99,medium,low,6,namesilo,,,23/09/2026 13:17
64bc0058-a27d-47a7-bc0c-f4aaef87499f,almighty.lifestyle,available,1.8,48.98,high,low,8,namecheap,,,
46d0839f-05b1-47ac-a82d-82bd17655c42,penetration.lifestyle,available,1.8,48.98,high,low,11,namecheap,,,08/09/2026 15:09
7701e31f-80c0-442b-8251-2a2826829c09,backfield.lifestyle,available,5.49,39.99,high,low,9,namesilo,,,21/09/2026 15:27
4d45148c-1c49-4ba4-9e22-7533c48f883d,illegal.lifestyle,available,5.49,39.99,high,low,7,namesilo,,,25/09/2026 07:45
8b05ad59-bb04-4331-9ece-c90b1584b25e,puddings.lifestyle,available,1.8,48.98,medium,low,8,namecheap,,,19/09/2026 22:22
a683f618-5bfa-4eeb-a513-9af2159bf07e,dishonour.lifestyle,available,5.49,39.99,medium,low,9,namesilo,,,
6cee7c90-db6f-4a24-932f-12060267aa9c,backbone.lifestyle,available,5.49,39.99,high,low,9,namesilo,,,21/09/2026 15:14
034ee73a-0f99-4e46-8497-6a736b5164ae,cassidy.lifestyle,premium,640,640,high,low,7,namesilo,,,26/09/2026 03:43
a55fb710-f61e-4dc0-89de-5a3781f7e7de,summery.lifestyle,available,1.8,48.98,high,low,7,namecheap,,,11/09/2026 01:38
d273b984-8ff9-443e-9a98-cb144fd76619,oxidative.lifestyle,available,1.8,48.98,medium,low,9,namecheap,,,04/09/2026 22:23
fcc428d1-ccae-4261-8589-e7a77feee8ef,respects.lifestyle,available,5.49,39.99,high,low,8,namesilo,,,
dcdc4b86-0485-46e6-9daf-779640064b33,brainy.lifestyle,available,1.8,48.98,high,low,6,namecheap,,,11/08/2026 01:53
9fc2e0b5-a82c-4c30-94cd-baee0b79e6bf,defined.lifestyle,premium,640,640,high,low,7,namesilo,,,24/09/2026 05:04
3a1d6e4e-9c72-4575-8273-ff853427e4d2,articulate.lifestyle,available,5.49,39.99,high,low,10,namesilo,,,22/09/2026 08:42
c3307406-b7d6-401b-967f-7625283a2c32,empathetic.lifestyle,available,1.8,48.98,high,low,10,namecheap,,,16/08/2026 16:43
ff2fe43a-1d5d-44d9-950b-4cf5450d421c,imposed.lifestyle,available,1.8,48.98,medium,low,7,namecheap,,,21/08/2026 22:50
ced2b11e-566c-48e6-aacb-cc68dd65e2a5,blantyre.lifestyle,premium,116,116,high,low,8,namesilo,,,24/09/2026 04:05
790352f4-ff08-4279-b056-75b913e50bc5,windmill.lifestyle,available,1.8,48.98,high,low,9,namecheap,,,17/09/2026 13:01
acf1455b-278d-4cb8-96b3-444408cb0ce9,apoapsis.lifestyle,available,1.8,48.98,medium,low,8,namecheap,,,19/09/2026 18:07
a664d117-ca7d-44ea-8989-4be643d6d5d4,lax.lifestyle,premium,910,1300,high,low,3,namecheap,,,22/08/2026 21:22
8d45c852-93bc-4926-98e0-5b31aa8afeb5,reanimated.lifestyle,available,1.8,48.98,high,low,10,namecheap,,,09/09/2026 10:58
ff6516b9-e4ce-47a7-be66-6723e8aaff55,gamba.lifestyle,premium,116,116,medium,low,5,namesilo,,,22/09/2026 11:54
ffb8d1c4-9864-4d12-81c2-3dac064d5e91,downstairs.lifestyle,available,1.8,48.98,high,low,10,namecheap,,,14/08/2026 17:55
4ca90955-e76f-4641-90e5-0a82fedef580,tongue.lifestyle,available,39.99,,high,low,6,name.com,,,
6cf060bd-4849-4b45-bc8d-c6f23c9db408,istanbul.lifestyle,premium,455,650,high,low,8,namecheap,,,24/09/2026 17:33
ebad24de-34ad-402a-998a-0c34d4895590,sordid.lifestyle,available,1.8,48.98,medium,low,6,namecheap,,,10/09/2026 14:29
5f3e3338-b77a-4c83-a759-5a09878ec202,bastille.lifestyle,available,5.49,39.99,high,low,8,namesilo,,,22/09/2026 12:48
ac56b890-59b0-40a9-901f-095b010a6d06,likeable.lifestyle,available,1.8,48.98,high,low,8,namecheap,,,23/08/2026 06:11
0dd82651-b243-4fb3-936a-ec272ce80c77,dastardly.lifestyle,available,39.99,59.99,medium,low,9,name.com,,,13/08/2026 18:31
8504d3b8-a21a-4c08-9601-234581c161d1,immaculate.lifestyle,available,1.8,48.98,high,low,10,namecheap,,,18/08/2026 00:07
160fc39c-fbcf-480d-a390-94188f864517,elfin.lifestyle,premium,91,130,high,low,5,namecheap,,,16/08/2026 03:37
b42e906e-075c-412b-89a4-286380a7f877,actively.lifestyle,available,5.49,39.99,high,low,8,namesilo,,,
85c149c7-c6f4-41cf-89f6-e38933e7b5dd,albizzia.lifestyle,available,5.49,39.99,medium,low,8,namesilo,,,18/09/2026 03:00
2077588f-b70a-4328-82a0-2d63f239f4fa,atrovent.lifestyle,premium,455,650,medium,low,8,namecheap,,,21/09/2026 01:03
dd5f1ae6-72c5-4e2f-bcfa-cae577318a09,saint.lifestyle,premium,116,116,high,low,5,namesilo,,,25/09/2026 23:06
8681a3fd-2964-446c-ae9f-5b31f1ef872b,alula.lifestyle,premium,91,130,high,low,5,namecheap,,,18/09/2026 15:04
788d58a3-5283-45bd-9446-a5efd1cb5343,aerobe.lifestyle,available,5.49,39.99,medium,low,6,namesilo,,,17/09/2026 12:54
4cc8cbcd-7de0-49b3-a6c6-8c899aede7d4,boloney.lifestyle,available,5.49,39.99,medium,low,7,namesilo,,,21/09/2026 23:45
19bc3572-79aa-40de-bcdd-f8547f450e54,appreciate.lifestyle,available,5.49,39.99,high,low,10,namesilo,,,
6247509b-03d4-4e2e-9137-9ab3fea5ff0d,bunco.lifestyle,premium,91,130,medium,low,5,namecheap,,,14/09/2026 07:59
2d75c346-dc52-4c69-9c2f-d5feaea37391,raleigh.lifestyle,premium,640,640,high,low,7,namesilo,,,25/09/2026 03:57
9a11e037-c269-4d42-b77c-02a67694e1af,garret.lifestyle,available,1.8,48.98,medium,low,6,namecheap,,,07/08/2026 15:51
5d68f4a0-902c-408b-86d1-f868e338ca2f,tarsal.lifestyle,available,1.8,48.98,high,low,6,namecheap,,,11/09/2026 08:42
d10d12d0-97ee-42f3-b080-8a4ba9bd78d6,allemande.lifestyle,available,5.49,39.99,medium,low,9,namesilo,,,18/09/2026 10:46
88c45dad-9ed0-416a-8604-c590dab6fe07,quenched.lifestyle,available,1.8,48.98,high,low,8,namecheap,,,09/09/2026 08:25
b2003d00-749c-42e8-a056-cea3dd8e2355,demonstrates.lifestyle,available,5.49,39.99,medium,low,12,namesilo,,,20/09/2026 23:55
4bcfa69b-bdfc-4de2-9391-73d46f7daf27,presumably.lifestyle,available,1.8,48.98,medium,low,10,namecheap,,,15/09/2026 21:20
9531e393-def3-43e2-ad87-ac3ea778f444,allergic.lifestyle,available,5.49,39.99,high,low,8,namesilo,,,22/09/2026 01:25
af9bb1db-4eb5-43c3-ba94-c6ea1a50181e,melville.lifestyle,available,1.8,48.98,high,low,8,namecheap,,,25/09/2026 07:18
e19ba89c-74e5-4174-931b-d9debf2df3e3,bibulous.lifestyle,available,1.8,48.98,low,low,8,namecheap,,,09/08/2026 18:58
4ef2c72e-59ea-4c77-8d5c-b7fe510b64e0,delay.lifestyle,premium,98,140,high,low,5,namecheap,,,
b207d26c-21bc-44cf-929c-4afa787292a3,commutable.lifestyle,available,1.8,48.98,high,low,10,namecheap,,,12/08/2026 19:17
486a054a-955c-45fd-b9e4-ccc181ec256d,autarky.lifestyle,available,5.49,39.99,medium,low,7,namesilo,,,21/09/2026 05:04
86e63138-fa84-4444-9393-f21bb0940843,aroid.lifestyle,premium,91,130,medium,low,5,namecheap,,,06/08/2026 11:30
3d78c3c2-62f6-4527-a609-462dddad7921,december.lifestyle,available,1.8,48.98,high,low,8,namecheap,,,24/09/2026 21:09
ad122fce-e7b4-44cc-81ca-409124e739bd,freddie.lifestyle,available,1.8,48.98,high,low,7,namecheap,,,26/09/2026 03:15
ad3c5391-74a7-48ce-8d1d-845d07f5fff3,stages.lifestyle,premium,640,640,medium,low,6,namesilo,,,16/09/2026 12:11
3b9cef88-7085-42cc-af9c-7fd5c3683eed,abandoned.lifestyle,available,5.49,39.99,high,low,9,namesilo,,,21/09/2026 13:36
e6d57754-8271-48a3-8f70-562576962c3f,soaring.lifestyle,available,1.8,48.98,high,medium,7,namecheap,,,10/09/2026 12:58
63de4f27-bc36-4e1c-b448-f166a01ec4ae,sioux.lifestyle,premium,91,130,high,low,5,namecheap,,,10/09/2026 08:46
cae1b339-9ed6-4f2c-b205-36bdb1c8e9d4,widen.lifestyle,premium,98,140,high,low,5,namecheap,,,
80ba988d-728f-448f-8f7e-38a443913276,rocket.lifestyle,available,5.49,39.99,high,medium,6,namesilo,,,
8016dcac-d439-4298-b6bf-ba2fa8076cf0,tree.lifestyle,premium,245,350,high,low,4,namecheap,,,
31fb60b3-a112-4dc1-83fa-790b74d10774,kechua.lifestyle,available,1.8,48.98,medium,low,6,namecheap,,,22/08/2026 15:23
a45c192d-c8c8-4581-bafa-e2d9ad074ad6,fastest.lifestyle,available,1.8,48.98,high,low,7,namecheap,,,14/09/2026 17:49
4e614d8f-0471-4ae2-8eba-0f8ab97ac8f6,genital.lifestyle,available,1.8,48.98,high,low,7,namecheap,,,18/08/2026 21:40
4ccb32c1-d3fc-4583-b1bb-48cc67a0f978,guilt.lifestyle,premium,98,140,high,low,5,namecheap,,,
9c3ce627-5b68-41b1-a31d-48fe88c95310,tippy.lifestyle,premium,91,130,high,low,5,namecheap,,,13/08/2026 04:55
361646c7-94dd-467b-a804-cac19c829d49,generals.lifestyle,available,5.49,39.99,medium,low,8,namesilo,,,18/09/2026 06:44
d4bfe208-f903-4d3c-b669-67dbbf8d0115,reacted.lifestyle,available,5.49,39.99,medium,low,7,namesilo,,,20/09/2026 00:48
e72d46fc-2354-4229-b5a8-957afdf07777,sunburst.lifestyle,available,39.99,,high,low,8,name.com,,,
90323db0-52a3-459a-abab-6ac92f874792,typed.lifestyle,premium,116,116,high,low,5,namesilo,,,17/09/2026 22:44
4f21738c-a699-4e81-9e91-0cbd77f3faa0,senescent.lifestyle,available,1.8,48.98,medium,low,9,namecheap,,,
a8819079-eb50-4f3b-9832-0b76d13c567c,abulia.lifestyle,available,5.49,39.99,medium,low,6,namesilo,,,16/09/2026 16:41
c7dc432f-8d4f-41e3-a1f5-44c91fc73e7b,ironclad.lifestyle,available,1.8,48.98,high,low,8,namecheap,,,11/08/2026 02:30
3f4bd920-fb2d-4375-b7ee-50090e0c1a8f,hueless.lifestyle,available,1.8,48.98,medium,low,7,namecheap,,,21/08/2026 14:36
096c0422-6d04-4344-b3df-8cfa59b74d16,contained.lifestyle,available,5.49,39.99,high,low,9,namesilo,,,23/09/2026 21:42
f330d958-6563-4c31-b5e3-7f4064a6bba0,astatic.lifestyle,available,1.8,48.98,medium,low,7,namecheap,,,07/08/2026 08:36
37680fa6-5550-4807-b44e-db5c69260c06,wolfbane.lifestyle,available,5.49,39.99,medium,low,8,namesilo,,,17/09/2026 02:09
59db12f6-b165-4798-bf83-b5d53348baf5,taken.lifestyle,premium,91,130,high,low,5,namecheap,,,25/09/2026 10:20
3c78bda3-1602-43e7-a0c1-0bb999b952a3,sedans.lifestyle,available,39.99,59.99,medium,low,6,name.com,,,19/09/2026 22:27
501de17e-c06b-468d-9ff5-7955cace8e52,unfeasible.lifestyle,available,1.8,48.98,medium,low,10,namecheap,,,21/08/2026 22:56
daede3ed-8ee9-43a6-a4ef-65936bf5f63f,wellborn.lifestyle,available,1.8,48.98,medium,low,8,namecheap,,,13/09/2026 10:42
e52b2f83-a5aa-45ad-a9c5-a21db58a8aa8,unsealed.lifestyle,available,1.8,48.98,medium,low,8,namecheap,,,12/09/2026 19:07
5ec57aad-8e5e-44a4-87ae-47ab0442ee00,middlemost.lifestyle,available,1.8,48.98,medium,low,10,namecheap,,,24/08/2026 22:27
df58fd52-cd27-4993-b068-5767b1273a35,refused.lifestyle,available,5.49,39.99,medium,low,7,namesilo,,,18/09/2026 13:40
b8398ad9-680d-404c-abfc-9af407720eb7,cos.lifestyle,premium,455,650,high,medium,3,namecheap,,,24/09/2026 18:26
16d95159-3b70-4f13-ba91-4c4a359f520e,nonpareil.lifestyle,available,1.8,48.98,high,low,9,namecheap,,,24/08/2026 17:02
79298804-9ad0-4852-9a43-ebf2a018f1c1,politic.lifestyle,available,1.8,48.98,high,low,7,namecheap,,,08/09/2026 23:06
9baaf3ed-70ca-40b1-9fa0-75aada43c51c,resupine.lifestyle,available,1.8,48.98,medium,low,8,namecheap,,,09/09/2026 15:30
b51aee2c-ffa5-4936-ae5d-d9598c4719ac,grandma.lifestyle,available,39.99,,high,low,7,name.com,,,
fc3af6b7-0453-4e00-b2d1-fbbb0f039057,shaded.lifestyle,available,1.8,48.98,high,low,6,namecheap,,,10/09/2026 05:23
46c47d3d-8f2d-407d-ad72-10983e374516,bandstand.lifestyle,available,5.49,39.99,high,low,9,namesilo,,,22/09/2026 01:32
e193d385-6937-4bbc-b6cb-e0c953f660c8,stanch.lifestyle,available,1.8,48.98,medium,low,6,namecheap,,,10/09/2026 19:26
2a874f3c-382e-4dd0-b6f7-d8ce633cc95f,facetious.lifestyle,available,1.8,48.98,medium,low,9,namecheap,,,08/08/2026 14:39
ee1e5096-c0d8-4869-a6ea-70950d27fdf7,out.lifestyle,premium,1107,1107,high,low,3,namesilo,,,25/09/2026 17:35
ec94cd89-421a-4671-9ce0-948df239284b,akhbari.lifestyle,available,5.49,39.99,medium,low,7,namesilo,,,17/09/2026 23:56
e2b7180d-5ea6-4a2d-a177-02af54fa90b7,blunt.lifestyle,premium,910,1300,high,low,5,namecheap,,,22/09/2026 23:15
45d92815-c6e0-4237-b447-48f80a28eb99,conjoined.lifestyle,available,1.8,48.98,high,low,9,namecheap,,,12/08/2026 22:03
9b4b25da-2e77-4bd6-ae5e-6259d7a246d7,acyclovir.lifestyle,available,5.49,39.99,medium,low,9,namesilo,,,17/09/2026 05:41
d466ab23-e933-4afd-8404-2c5aa19a0b8b,lick.lifestyle,premium,245,350,high,low,4,namecheap,,,
569f0654-15b8-414b-938f-86095e151429,careless.lifestyle,available,1.8,48.98,high,low,8,namecheap,,,23/09/2026 12:52
5753ad63-c4ac-4ebf-b571-2f60e6abc1b2,parabolic.lifestyle,available,1.8,48.98,high,medium,9,namecheap,,,05/09/2026 01:45
784db20c-0bbf-4aea-a06f-77c294a857e2,anthrax.lifestyle,available,1.8,48.98,high,low,7,namecheap,,,19/09/2026 13:52
fac54cba-c299-485f-ab99-55a39a1c8b02,aborigine.lifestyle,available,1.8,48.98,high,low,9,namecheap,,,